SECTION,TYPE,PATH,DETAIL
SCENE,PRIMITIVE,"[--- 01_ENVIRONMENT ---]/Ground_Start_Zone | Cube | Mat_Jungle_Ground",""
SCENE,PRIMITIVE,"[--- 01_ENVIRONMENT ---]/Ground_Path_01 | Cube | Mat_Jungle_Ground",""
SCENE,PRIMITIVE,"[--- 01_ENVIRONMENT ---]/Ground_Enemy_Arena | Cube | Mat_Jungle_Ground",""
SCENE,PRIMITIVE,"[--- 01_ENVIRONMENT ---]/Platform_Jump_01 | Cube | Mat_Wood_Platform",""
SCENE,PRIMITIVE,"[--- 01_ENVIRONMENT ---]/Platform_Jump_02 | Cube | Mat_Wood_Platform",""
SCENE,PRIMITIVE,"[--- 01_ENVIRONMENT ---]/Platform_Vine_Landing | Cube | Mat_Jungle_Ground",""
SCENE,PRIMITIVE,"[--- 01_ENVIRONMENT ---]/Prop_ClimbableVine/VineStem | Cylinder | Mat_JungleLeaves",""
SCENE,PRIMITIVE,"[--- 01_ENVIRONMENT ---]/Ground_Hazard_Clearing | Cube | Mat_Jungle_Ground",""
SCENE,PRIMITIVE,"[--- 01_ENVIRONMENT ---]/Ground_Puzzle_Courtyard | Cube | Mat_Jungle_Ground",""
SCENE,PRIMITIVE,"[--- 01_ENVIRONMENT ---]/Ground_Checkpoint2_Arena | Cube | Mat_Jungle_Ground",""
SCENE,PRIMITIVE,"[--- 01_ENVIRONMENT ---]/Ground_Level_Complete_Exit | Cube | Mat_Jungle_Ground",""
SCENE,PRIMITIVE,"[--- 01_ENVIRONMENT ---]/Tree_JungleCanopy/Trunk | Cylinder | Mat_JungleWood",""
SCENE,PRIMITIVE,"[--- 01_ENVIRONMENT ---]/Tree_JungleCanopy/Foliage_Center | Sphere | Mat_JungleLeaves",""
SCENE,PRIMITIVE,"[--- 01_ENVIRONMENT ---]/Tree_JungleCanopy/Foliage_L | Sphere | Mat_JungleLeaves",""
SCENE,PRIMITIVE,"[--- 01_ENVIRONMENT ---]/Tree_JungleCanopy/Foliage_R | Sphere | Mat_JungleLeaves",""
SCENE,PRIMITIVE,"[--- 01_ENVIRONMENT ---]/Tree_CoconutPalm/Trunk | Cylinder | Mat_JungleWood",""
SCENE,PRIMITIVE,"[--- 01_ENVIRONMENT ---]/Tree_CoconutPalm/Frond_0 | Cube | Mat_PalmLeaves",""
SCENE,PRIMITIVE,"[--- 01_ENVIRONMENT ---]/Tree_CoconutPalm/Frond_1 | Cube | Mat_PalmLeaves",""
SCENE,PRIMITIVE,"[--- 01_ENVIRONMENT ---]/Tree_CoconutPalm/Frond_2 | Cube | Mat_PalmLeaves",""
SCENE,PRIMITIVE,"[--- 01_ENVIRONMENT ---]/Tree_CoconutPalm/Frond_3 | Cube | Mat_PalmLeaves",""
SCENE,PRIMITIVE,"[--- 01_ENVIRONMENT ---]/Tree_CoconutPalm/Frond_4 | Cube | Mat_PalmLeaves",""
SCENE,PRIMITIVE,"[--- 01_ENVIRONMENT ---]/Tree_CoconutPalm/Frond_5 | Cube | Mat_PalmLeaves",""
SCENE,PRIMITIVE,"[--- 01_ENVIRONMENT ---]/Tree_JungleCanopy/Trunk | Cylinder | Mat_JungleWood",""
SCENE,PRIMITIVE,"[--- 01_ENVIRONMENT ---]/Tree_JungleCanopy/Foliage_Center | Sphere | Mat_JungleLeaves",""
SCENE,PRIMITIVE,"[--- 01_ENVIRONMENT ---]/Tree_JungleCanopy/Foliage_L | Sphere | Mat_JungleLeaves",""
SCENE,PRIMITIVE,"[--- 01_ENVIRONMENT ---]/Tree_JungleCanopy/Foliage_R | Sphere | Mat_JungleLeaves",""
SCENE,PRIMITIVE,"[--- 01_ENVIRONMENT ---]/Tree_CoconutPalm/Trunk | Cylinder | Mat_JungleWood",""
SCENE,PRIMITIVE,"[--- 01_ENVIRONMENT ---]/Tree_CoconutPalm/Frond_0 | Cube | Mat_PalmLeaves",""
SCENE,PRIMITIVE,"[--- 01_ENVIRONMENT ---]/Tree_CoconutPalm/Frond_1 | Cube | Mat_PalmLeaves",""
SCENE,PRIMITIVE,"[--- 01_ENVIRONMENT ---]/Tree_CoconutPalm/Frond_2 | Cube | Mat_PalmLeaves",""
SCENE,PRIMITIVE,"[--- 01_ENVIRONMENT ---]/Tree_CoconutPalm/Frond_3 | Cube | Mat_PalmLeaves",""
SCENE,PRIMITIVE,"[--- 01_ENVIRONMENT ---]/Tree_CoconutPalm/Frond_4 | Cube | Mat_PalmLeaves",""
SCENE,PRIMITIVE,"[--- 01_ENVIRONMENT ---]/Tree_CoconutPalm/Frond_5 | Cube | Mat_PalmLeaves",""
SCENE,PRIMITIVE,"[--- 01_ENVIRONMENT ---]/Tree_JungleCanopy/Trunk | Cylinder | Mat_JungleWood",""
SCENE,PRIMITIVE,"[--- 01_ENVIRONMENT ---]/Tree_JungleCanopy/Foliage_Center | Sphere | Mat_JungleLeaves",""
SCENE,PRIMITIVE,"[--- 01_ENVIRONMENT ---]/Tree_JungleCanopy/Foliage_L | Sphere | Mat_JungleLeaves",""
SCENE,PRIMITIVE,"[--- 01_ENVIRONMENT ---]/Tree_JungleCanopy/Foliage_R | Sphere | Mat_JungleLeaves",""
SCENE,PRIMITIVE,"[--- 01_ENVIRONMENT ---]/Tree_CoconutPalm/Trunk | Cylinder | Mat_JungleWood",""
SCENE,PRIMITIVE,"[--- 01_ENVIRONMENT ---]/Tree_CoconutPalm/Frond_0 | Cube | Mat_PalmLeaves",""
SCENE,PRIMITIVE,"[--- 01_ENVIRONMENT ---]/Tree_CoconutPalm/Frond_1 | Cube | Mat_PalmLeaves",""
SCENE,PRIMITIVE,"[--- 01_ENVIRONMENT ---]/Tree_CoconutPalm/Frond_2 | Cube | Mat_PalmLeaves",""
SCENE,PRIMITIVE,"[--- 01_ENVIRONMENT ---]/Tree_CoconutPalm/Frond_3 | Cube | Mat_PalmLeaves",""
SCENE,PRIMITIVE,"[--- 01_ENVIRONMENT ---]/Tree_CoconutPalm/Frond_4 | Cube | Mat_PalmLeaves",""
SCENE,PRIMITIVE,"[--- 01_ENVIRONMENT ---]/Tree_CoconutPalm/Frond_5 | Cube | Mat_PalmLeaves",""
SCENE,PRIMITIVE,"[--- 01_ENVIRONMENT ---]/Plant_JungleFern/Leaf_0 | Cube | Mat_JungleLeaves",""
SCENE,PRIMITIVE,"[--- 01_ENVIRONMENT ---]/Plant_JungleFern/Leaf_1 | Cube | Mat_JungleLeaves",""
SCENE,PRIMITIVE,"[--- 01_ENVIRONMENT ---]/Plant_JungleFern/Leaf_2 | Cube | Mat_JungleLeaves",""
SCENE,PRIMITIVE,"[--- 01_ENVIRONMENT ---]/Plant_JungleFern/Leaf_3 | Cube | Mat_JungleLeaves",""
SCENE,PRIMITIVE,"[--- 01_ENVIRONMENT ---]/Plant_JungleFern/Leaf_4 | Cube | Mat_JungleLeaves",""
SCENE,PRIMITIVE,"[--- 01_ENVIRONMENT ---]/Plant_TropicalBush/Foliage1 | Sphere | Mat_JungleLeaves",""
SCENE,PRIMITIVE,"[--- 01_ENVIRONMENT ---]/Plant_TropicalBush/Foliage2 | Sphere | Mat_JungleLeaves",""
SCENE,PRIMITIVE,"[--- 01_ENVIRONMENT ---]/Plant_GlowingMushroom/Stem | Cylinder | Mat_JungleWood",""
SCENE,PRIMITIVE,"[--- 01_ENVIRONMENT ---]/Plant_GlowingMushroom/Cap | Sphere | Mat_DivineCyan",""
SCENE,PRIMITIVE,"[--- 01_ENVIRONMENT ---]/Plant_HibiscusFlower/Stem | Cylinder | Mat_JungleLeaves",""
SCENE,PRIMITIVE,"[--- 01_ENVIRONMENT ---]/Plant_HibiscusFlower/Petals | Sphere | Mat_ParrotFeather",""
SCENE,PRIMITIVE,"[--- 01_ENVIRONMENT ---]/Rock_MossyBoulder/Mesh | Sphere | Mat_MossyRock",""
SCENE,PRIMITIVE,"[--- 01_ENVIRONMENT ---]/Rock_MossyBoulder/Mesh | Sphere | Mat_MossyRock",""
SCENE,PRIMITIVE,"[--- 01_ENVIRONMENT ---]/Prop_HollowFallenLog/LogCylinder | Cylinder | Mat_JungleWood",""
SCENE,PRIMITIVE,"[--- 02_GAMEPLAY ---]/Player/ModelHolder/Monkey_Base/Head | Sphere | Mat_MonkeyFur",""
SCENE,PRIMITIVE,"[--- 02_GAMEPLAY ---]/Player/ModelHolder/Monkey_Base/Head/Snout | Sphere | Mat_MonkeySkin",""
SCENE,PRIMITIVE,"[--- 02_GAMEPLAY ---]/Player/ModelHolder/Monkey_Base/Head/Ear_L | Sphere | Mat_MonkeySkin",""
SCENE,PRIMITIVE,"[--- 02_GAMEPLAY ---]/Player/ModelHolder/Monkey_Base/Head/Ear_R | Sphere | Mat_MonkeySkin",""
SCENE,PRIMITIVE,"[--- 02_GAMEPLAY ---]/Player/ModelHolder/Monkey_Base/Torso | Capsule | Mat_MonkeyFur",""
SCENE,PRIMITIVE,"[--- 02_GAMEPLAY ---]/Player/ModelHolder/Monkey_Base/Torso/Chest | Sphere | Mat_MonkeySkin",""
SCENE,PRIMITIVE,"[--- 02_GAMEPLAY ---]/Player/ModelHolder/Monkey_Base/Arm_L | Capsule | Mat_MonkeyFur",""
SCENE,PRIMITIVE,"[--- 02_GAMEPLAY ---]/Player/ModelHolder/Monkey_Base/Arm_R | Capsule | Mat_MonkeyFur",""
SCENE,PRIMITIVE,"[--- 02_GAMEPLAY ---]/Player/ModelHolder/Monkey_Base/Leg_L | Capsule | Mat_MonkeyFur",""
SCENE,PRIMITIVE,"[--- 02_GAMEPLAY ---]/Player/ModelHolder/Monkey_Base/Leg_R | Capsule | Mat_MonkeyFur",""
SCENE,PRIMITIVE,"[--- 02_GAMEPLAY ---]/Player/ModelHolder/Monkey_Base/Tail | Cylinder | Mat_MonkeyFur",""
SCENE,PRIMITIVE,"[--- 02_GAMEPLAY ---]/Banana_01/BananaMesh | Capsule | Mat_GuardianGold",""
SCENE,PRIMITIVE,"[--- 02_GAMEPLAY ---]/Banana_02/BananaMesh | Capsule | Mat_GuardianGold",""
SCENE,PRIMITIVE,"[--- 02_GAMEPLAY ---]/Banana_03/BananaMesh | Capsule | Mat_GuardianGold",""
SCENE,PRIMITIVE,"[--- 02_GAMEPLAY ---]/Banana_04/BananaMesh | Capsule | Mat_GuardianGold",""
SCENE,PRIMITIVE,"[--- 02_GAMEPLAY ---]/Coin_01/CoinMesh | Cylinder | Mat_GuardianGold",""
SCENE,PRIMITIVE,"[--- 02_GAMEPLAY ---]/Coin_02/CoinMesh | Cylinder | Mat_GuardianGold",""
SCENE,PRIMITIVE,"[--- 02_GAMEPLAY ---]/Coin_03/CoinMesh | Cylinder | Mat_GuardianGold",""
SCENE,PRIMITIVE,"[--- 02_GAMEPLAY ---]/Coin_04/CoinMesh | Cylinder | Mat_GuardianGold",""
SCENE,PRIMITIVE,"[--- 02_GAMEPLAY ---]/Coin_05/CoinMesh | Cylinder | Mat_GuardianGold",""
SCENE,PRIMITIVE,"[--- 02_GAMEPLAY ---]/Water_Extinguisher_Buff | Cylinder | Default-Material",""
SCENE,PRIMITIVE,"[--- 02_GAMEPLAY ---]/Fire_Hazard_Zone | Cube | Mat_Fire_Hazard",""
SCENE,PRIMITIVE,"[--- 02_GAMEPLAY ---]/Toxic_Mushroom_Hazard | Sphere | Mat_Toxic_Mushroom",""
SCENE,PRIMITIVE,"[--- 02_GAMEPLAY ---]/Ruins_AncientArch/Pillar_L | Cube | Mat_AncientStone",""
SCENE,PRIMITIVE,"[--- 02_GAMEPLAY ---]/Ruins_AncientArch/Pillar_R | Cube | Mat_AncientStone",""
SCENE,PRIMITIVE,"[--- 02_GAMEPLAY ---]/Ruins_AncientArch/Lintel | Cube | Mat_AncientStone",""
SCENE,PRIMITIVE,"[--- 02_GAMEPLAY ---]/Ancient_Stone_Door/DoorSlab_Left | Cube | Mat_AncientStone",""
SCENE,PRIMITIVE,"[--- 02_GAMEPLAY ---]/Ancient_Stone_Door/DoorSlab_Left/RuneInlay_L | Sphere | Mat_RuneActiveGlow",""
SCENE,PRIMITIVE,"[--- 02_GAMEPLAY ---]/Ancient_Stone_Door/DoorSlab_Right | Cube | Mat_AncientStone",""
SCENE,PRIMITIVE,"[--- 02_GAMEPLAY ---]/Ancient_Stone_Door/DoorSlab_Right/RuneInlay_R | Sphere | Mat_RuneActiveGlow",""
SCENE,PRIMITIVE,"[--- 02_GAMEPLAY ---]/Rune_Switch_Left/Pedestal | Cylinder | Mat_AncientStone",""
SCENE,PRIMITIVE,"[--- 02_GAMEPLAY ---]/Rune_Switch_Left/RuneGem | Sphere | Mat_RuneActiveGlow",""
SCENE,PRIMITIVE,"[--- 02_GAMEPLAY ---]/Rune_Switch_Center/Pedestal | Cylinder | Mat_AncientStone",""
SCENE,PRIMITIVE,"[--- 02_GAMEPLAY ---]/Rune_Switch_Center/RuneGem | Sphere | Mat_RuneActiveGlow",""
SCENE,PRIMITIVE,"[--- 02_GAMEPLAY ---]/Rune_Switch_Right/Pedestal | Cylinder | Mat_AncientStone",""
SCENE,PRIMITIVE,"[--- 02_GAMEPLAY ---]/Rune_Switch_Right/RuneGem | Sphere | Mat_RuneActiveGlow",""
SCENE,PRIMITIVE,"[--- 02_GAMEPLAY ---]/Checkpoint_01_Start | Cylinder | Mat_Checkpoint_Active",""
SCENE,PRIMITIVE,"[--- 02_GAMEPLAY ---]/Checkpoint_02_PostDoor | Cylinder | Mat_Checkpoint_Active",""
SCENE,PRIMITIVE,"[--- 02_GAMEPLAY ---]/Breakable_Celestial_Relic/Pedestal | Cylinder | Mat_AncientStone",""
SCENE,PRIMITIVE,"[--- 02_GAMEPLAY ---]/Breakable_Celestial_Relic/Crystal | Sphere | Mat_DivineCyan",""
SCENE,PRIMITIVE,"[--- 02_GAMEPLAY ---]/Jungle_Predator_01/Body | Capsule | Mat_PredatorSkin",""
SCENE,PRIMITIVE,"[--- 02_GAMEPLAY ---]/Jungle_Predator_01/Head | Sphere | Mat_PredatorSkin",""
SCENE,PRIMITIVE,"[--- 02_GAMEPLAY ---]/Jungle_Predator_01/Leg_FL | Capsule | Mat_PredatorSkin",""
SCENE,PRIMITIVE,"[--- 02_GAMEPLAY ---]/Jungle_Predator_01/Leg_FR | Capsule | Mat_PredatorSkin",""
SCENE,PRIMITIVE,"[--- 02_GAMEPLAY ---]/Jungle_Predator_01/Leg_BL | Capsule | Mat_PredatorSkin",""
SCENE,PRIMITIVE,"[--- 02_GAMEPLAY ---]/Jungle_Predator_01/Leg_BR | Capsule | Mat_PredatorSkin",""
SCENE,PRIMITIVE,"[--- 02_GAMEPLAY ---]/Jungle_Guard_02/Body | Capsule | Mat_PredatorSkin",""
SCENE,PRIMITIVE,"[--- 02_GAMEPLAY ---]/Jungle_Guard_02/Head | Sphere | Mat_PredatorSkin",""
SCENE,PRIMITIVE,"[--- 02_GAMEPLAY ---]/Jungle_Guard_02/Leg_FL | Capsule | Mat_PredatorSkin",""
SCENE,PRIMITIVE,"[--- 02_GAMEPLAY ---]/Jungle_Guard_02/Leg_FR | Capsule | Mat_PredatorSkin",""
SCENE,PRIMITIVE,"[--- 02_GAMEPLAY ---]/Jungle_Guard_02/Leg_BL | Capsule | Mat_PredatorSkin",""
SCENE,PRIMITIVE,"[--- 02_GAMEPLAY ---]/Jungle_Guard_02/Leg_BR | Capsule | Mat_PredatorSkin",""
SCENE,PRIMITIVE,"[--- 02_GAMEPLAY ---]/Wildlife_Deer/Body | Capsule | Mat_DeerFur",""
SCENE,PRIMITIVE,"[--- 02_GAMEPLAY ---]/Wildlife_Deer/Head | Sphere | Mat_DeerFur",""
SCENE,PRIMITIVE,"[--- 02_GAMEPLAY ---]/Wildlife_Deer/Head/Antler_L | Cylinder | Mat_JungleWood",""
SCENE,PRIMITIVE,"[--- 02_GAMEPLAY ---]/Wildlife_Deer/Head/Antler_R | Cylinder | Mat_JungleWood",""
SCENE,PRIMITIVE,"[--- 02_GAMEPLAY ---]/Wildlife_Deer/Leg_FL | Capsule | Mat_DeerFur",""
SCENE,PRIMITIVE,"[--- 02_GAMEPLAY ---]/Wildlife_Deer/Leg_FR | Capsule | Mat_DeerFur",""
SCENE,PRIMITIVE,"[--- 02_GAMEPLAY ---]/Wildlife_Deer/Leg_BL | Capsule | Mat_DeerFur",""
SCENE,PRIMITIVE,"[--- 02_GAMEPLAY ---]/Wildlife_Deer/Leg_BR | Capsule | Mat_DeerFur",""
SCENE,PRIMITIVE,"[--- 02_GAMEPLAY ---]/Wildlife_Parrot/Body | Capsule | Mat_ParrotFeather",""
SCENE,PRIMITIVE,"[--- 02_GAMEPLAY ---]/Wildlife_Parrot/Body/Beak | Cube | Mat_GuardianGold",""
SCENE,PRIMITIVE,"[--- 02_GAMEPLAY ---]/Wildlife_Parrot/Body/Wing_L | Cube | Mat_DivineCyan",""
SCENE,PRIMITIVE,"[--- 02_GAMEPLAY ---]/Wildlife_Parrot/Body/Wing_R | Cube | Mat_DivineCyan",""
SCENE,PRIMITIVE,"[--- 02_GAMEPLAY ---]/Wildlife_TreeFrog/Body | Sphere | Mat_FrogSkin",""
SCENE,PRIMITIVE,"[--- 02_GAMEPLAY ---]/Wildlife_TreeFrog/Body/Eye_L | Sphere | Mat_FrogSkin",""
SCENE,PRIMITIVE,"[--- 02_GAMEPLAY ---]/Wildlife_TreeFrog/Body/Eye_R | Sphere | Mat_FrogSkin",""
SCENE,PRIMITIVE,"[--- 02_GAMEPLAY ---]/Wildlife_TreeFrog/Leg_L | Sphere | Mat_FrogSkin",""
SCENE,PRIMITIVE,"[--- 02_GAMEPLAY ---]/Wildlife_TreeFrog/Leg_R | Sphere | Mat_FrogSkin",""
SCENE,PRIMITIVE,"[--- 02_GAMEPLAY ---]/Wildlife_Butterfly/Body | Cylinder | Mat_TitanFur",""
SCENE,PRIMITIVE,"[--- 02_GAMEPLAY ---]/Wildlife_Butterfly/Wing_L | Cube | Mat_ButterflyWing",""
SCENE,PRIMITIVE,"[--- 02_GAMEPLAY ---]/Wildlife_Butterfly/Wing_R | Cube | Mat_ButterflyWing",""
SCENE,PRIMITIVE,"[--- 02_GAMEPLAY ---]/Wildlife_Monkey/Head | Sphere | Mat_MonkeyFur",""
SCENE,PRIMITIVE,"[--- 02_GAMEPLAY ---]/Wildlife_Monkey/Snout | Sphere | Mat_MonkeySkin",""
SCENE,PRIMITIVE,"[--- 02_GAMEPLAY ---]/Wildlife_Monkey/Body | Capsule | Mat_MonkeyFur",""
SCENE,PRIMITIVE,"[--- 02_GAMEPLAY ---]/Wildlife_Monkey/Arm_L | Capsule | Mat_MonkeyFur",""
SCENE,PRIMITIVE,"[--- 02_GAMEPLAY ---]/Wildlife_Monkey/Arm_R | Capsule | Mat_MonkeyFur",""
SCENE,PRIMITIVE,"[--- 02_GAMEPLAY ---]/Wildlife_Monkey/Leg_L | Capsule | Mat_MonkeyFur",""
SCENE,PRIMITIVE,"[--- 02_GAMEPLAY ---]/Wildlife_Monkey/Leg_R | Capsule | Mat_MonkeyFur",""
SCENE,PRIMITIVE,"[--- 02_GAMEPLAY ---]/Level_01_Complete_Gateway | Cylinder | Mat_Gateway_Portal",""
SCENE,PINK_MATERIAL,"[--- 02_GAMEPLAY ---]/Fire_Hazard_Zone/VFX_FireHazard_Flames |  | ",""
SCENE,PINK_MATERIAL,"[--- 02_GAMEPLAY ---]/Toxic_Mushroom_Hazard/VFX_Poison_SporeCloud |  | ",""
SCENE,PINK_MATERIAL,"[--- 02_GAMEPLAY ---]/Checkpoint_01_Start/VFX_Checkpoint_Beam |  | ",""
SCENE,PINK_MATERIAL,"[--- 02_GAMEPLAY ---]/Checkpoint_02_PostDoor/VFX_Checkpoint_Beam |  | ",""
SCENE,PINK_MATERIAL,"[--- 02_GAMEPLAY ---]/Level_01_Complete_Gateway/VFX_Portal_Vortex |  | ",""
ASSET,MODEL,"Assets/CoolWorks_Studio/Carpentry_Tools/Meshes/Axe_Curved.fbx",""
ASSET,MODEL,"Assets/CoolWorks_Studio/Carpentry_Tools/Meshes/Axe_Straight.fbx",""
ASSET,MODEL,"Assets/CoolWorks_Studio/Carpentry_Tools/Meshes/Chisel_Broad.fbx",""
ASSET,MODEL,"Assets/CoolWorks_Studio/Carpentry_Tools/Meshes/Chisel_Curved.fbx",""
ASSET,MODEL,"Assets/CoolWorks_Studio/Carpentry_Tools/Meshes/Chisel_Narrow.fbx",""
ASSET,MODEL,"Assets/CoolWorks_Studio/Carpentry_Tools/Meshes/Drawing_Knife.fbx",""
ASSET,MODEL,"Assets/CoolWorks_Studio/Carpentry_Tools/Meshes/Drill_Bit.fbx",""
ASSET,MODEL,"Assets/CoolWorks_Studio/Carpentry_Tools/Meshes/File.fbx",""
ASSET,MODEL,"Assets/CoolWorks_Studio/Carpentry_Tools/Meshes/Gimlet.fbx",""
ASSET,MODEL,"Assets/CoolWorks_Studio/Carpentry_Tools/Meshes/Hand_Drill.fbx",""
ASSET,MODEL,"Assets/CoolWorks_Studio/Carpentry_Tools/Meshes/Hand_Saw.fbx",""
ASSET,MODEL,"Assets/CoolWorks_Studio/Carpentry_Tools/Meshes/Plane_Backward.fbx",""
ASSET,MODEL,"Assets/CoolWorks_Studio/Carpentry_Tools/Meshes/Plane_Forward.fbx",""
ASSET,MODEL,"Assets/CoolWorks_Studio/Carpentry_Tools/Meshes/Rasp.fbx",""
ASSET,MODEL,"Assets/CoolWorks_Studio/Common/Meshes/Floor_Round.fbx",""
ASSET,MODEL,"Assets/Furry Squirrel/Meshes/Squirrel.fbx",""
ASSET,MODEL,"Assets/ithappy/Animals_FREE/Meshes/Chicken_001.fbx",""
ASSET,MODEL,"Assets/ithappy/Animals_FREE/Meshes/Deer_001.fbx",""
ASSET,MODEL,"Assets/ithappy/Animals_FREE/Meshes/Dog_001.fbx",""
ASSET,MODEL,"Assets/ithappy/Animals_FREE/Meshes/Horse_001.fbx",""
ASSET,MODEL,"Assets/ithappy/Animals_FREE/Meshes/Kitty_001.fbx",""
ASSET,MODEL,"Assets/ithappy/Animals_FREE/Meshes/Pinguin_001.fbx",""
ASSET,MODEL,"Assets/ithappy/Animals_FREE/Meshes/Tiger_001.fbx",""
ASSET,MODEL,"Assets/Low Poly Environment Starter Kit/Source/Meshes/Other/Bush_1.fbx",""
ASSET,MODEL,"Assets/Low Poly Environment Starter Kit/Source/Meshes/Other/Bush_2.fbx",""
ASSET,MODEL,"Assets/Low Poly Environment Starter Kit/Source/Meshes/Other/Bush_3.fbx",""
ASSET,MODEL,"Assets/Low Poly Environment Starter Kit/Source/Meshes/Other/Grass_1.fbx",""
ASSET,MODEL,"Assets/Low Poly Environment Starter Kit/Source/Meshes/Other/Grass_2.fbx",""
ASSET,MODEL,"Assets/Low Poly Environment Starter Kit/Source/Meshes/Other/Grass_3.fbx",""
ASSET,MODEL,"Assets/Low Poly Environment Starter Kit/Source/Meshes/Other/Grass_4.fbx",""
ASSET,MODEL,"Assets/Low Poly Environment Starter Kit/Source/Meshes/Other/Water Plane.fbx",""
ASSET,MODEL,"Assets/Low Poly Environment Starter Kit/Source/Meshes/Rocks/Rock_Arc.fbx",""
ASSET,MODEL,"Assets/Low Poly Environment Starter Kit/Source/Meshes/Rocks/Rock_Pile_1.fbx",""
ASSET,MODEL,"Assets/Low Poly Environment Starter Kit/Source/Meshes/Rocks/Rock_Pile_2.fbx",""
ASSET,MODEL,"Assets/Low Poly Environment Starter Kit/Source/Meshes/Rocks/Rock_Pile_3.fbx",""
ASSET,MODEL,"Assets/Low Poly Environment Starter Kit/Source/Meshes/Rocks/Stone_1.fbx",""
ASSET,MODEL,"Assets/Low Poly Environment Starter Kit/Source/Meshes/Rocks/Stone_2.fbx",""
ASSET,MODEL,"Assets/Low Poly Environment Starter Kit/Source/Meshes/Rocks/Stone_4.fbx",""
ASSET,MODEL,"Assets/Low Poly Environment Starter Kit/Source/Meshes/Rocks/Stone_5.fbx",""
ASSET,MODEL,"Assets/Low Poly Environment Starter Kit/Source/Meshes/Rocks/Stone_6.fbx",""
ASSET,MODEL,"Assets/Low Poly Environment Starter Kit/Source/Meshes/Rocks/Stone_7.fbx",""
ASSET,MODEL,"Assets/Low Poly Environment Starter Kit/Source/Meshes/Rocks/Stone_8.fbx",""
ASSET,MODEL,"Assets/Low Poly Environment Starter Kit/Source/Meshes/Rocks/Stone_9.fbx",""
ASSET,MODEL,"Assets/Low Poly Environment Starter Kit/Source/Meshes/Rocks/Stone_10.fbx",""
ASSET,MODEL,"Assets/Low Poly Environment Starter Kit/Source/Meshes/Rocks/Stone_11.fbx",""
ASSET,MODEL,"Assets/Low Poly Environment Starter Kit/Source/Meshes/Rocks/Stone_12.fbx",""
ASSET,MODEL,"Assets/Low Poly Environment Starter Kit/Source/Meshes/Rocks/Stone_13.fbx",""
ASSET,MODEL,"Assets/Low Poly Environment Starter Kit/Source/Meshes/Terrains/Canyon.fbx",""
ASSET,MODEL,"Assets/Low Poly Environment Starter Kit/Source/Meshes/Terrains/Fields.fbx",""
ASSET,MODEL,"Assets/Low Poly Environment Starter Kit/Source/Meshes/Terrains/Forest.fbx",""
ASSET,MODEL,"Assets/Low Poly Environment Starter Kit/Source/Meshes/Terrains/Lake.fbx",""
ASSET,MODEL,"Assets/Low Poly Environment Starter Kit/Source/Meshes/Terrains/Mountain_1.fbx",""
ASSET,MODEL,"Assets/Low Poly Environment Starter Kit/Source/Meshes/Terrains/Mountain_2.fbx",""
ASSET,MODEL,"Assets/Low Poly Environment Starter Kit/Source/Meshes/Terrains/Mountain_3.fbx",""
ASSET,MODEL,"Assets/Low Poly Environment Starter Kit/Source/Meshes/Trees/Pine1.fbx",""
ASSET,MODEL,"Assets/Low Poly Environment Starter Kit/Source/Meshes/Trees/Pine2.fbx",""
ASSET,MODEL,"Assets/Low Poly Environment Starter Kit/Source/Meshes/Trees/Pine3.fbx",""
ASSET,MODEL,"Assets/Low Poly Environment Starter Kit/Source/Meshes/Trees/Pine4.fbx",""
ASSET,MODEL,"Assets/Low Poly Environment Starter Kit/Source/Meshes/Trees/Pine5.fbx",""
ASSET,MODEL,"Assets/Low Poly Environment Starter Kit/Source/Meshes/Trees/Pine6.fbx",""
ASSET,MODEL,"Assets/Low Poly Environment Starter Kit/Source/Meshes/Trees/Tree_1.fbx",""
ASSET,MODEL,"Assets/Low Poly Environment Starter Kit/Source/Meshes/Trees/Tree_2.fbx",""
ASSET,MODEL,"Assets/Low Poly Environment Starter Kit/Source/Meshes/Trees/Tree_3.fbx",""
ASSET,MODEL,"Assets/Low Poly Environment Starter Kit/Source/Meshes/Trees/Tree_4.fbx",""
ASSET,MODEL,"Assets/Low Poly Environment Starter Kit/Source/Meshes/Trees/Tree_5.fbx",""
ASSET,MODEL,"Assets/Low Poly Environment Starter Kit/Source/Meshes/Trees/Tree_6.fbx",""
ASSET,MODEL,"Assets/Low Poly Environment Starter Kit/Source/Meshes/Trees/Tree_7.fbx",""
ASSET,MODEL,"Assets/Low Poly Environment Starter Kit/Source/Meshes/Trees/Tree_8.fbx",""
ASSET,MODEL,"Assets/Patchmesh/Stylized Critter Collection Demo/Meshes/Caterpillar.fbx",""
ASSET,MODEL,"Assets/Patchmesh/Stylized Critter Collection Demo/Meshes/Ladybug.fbx",""
ASSET,MODEL,"Assets/Polytope Studio/Lowpoly_Environments/Sources/Meshes/Flowers/PT_Poppy_02.fbx",""
ASSET,MODEL,"Assets/Polytope Studio/Lowpoly_Environments/Sources/Meshes/Mushrooms/PT_Caesars_Mushroom_01.fbx",""
ASSET,MODEL,"Assets/Polytope Studio/Lowpoly_Environments/Sources/Meshes/Plants/PT_Grass_02.fbx",""
ASSET,MODEL,"Assets/Polytope Studio/Lowpoly_Environments/Sources/Meshes/Rocks/PT_Generic_Rock_01.fbx",""
ASSET,MODEL,"Assets/Polytope Studio/Lowpoly_Environments/Sources/Meshes/Rocks/PT_Menhir_Rock_02.fbx",""
ASSET,MODEL,"Assets/Polytope Studio/Lowpoly_Environments/Sources/Meshes/Rocks/PT_Ore_Rock_01.fbx",""
ASSET,MODEL,"Assets/Polytope Studio/Lowpoly_Environments/Sources/Meshes/Rocks/PT_Ore_Rock_01_split.fbx",""
ASSET,MODEL,"Assets/Polytope Studio/Lowpoly_Environments/Sources/Meshes/Rocks/PT_River_Rock_Pile_02.fbx",""
ASSET,MODEL,"Assets/Polytope Studio/Lowpoly_Environments/Sources/Meshes/Shrubs/PT_Generic_Shrub_01_dead.fbx",""
ASSET,MODEL,"Assets/Polytope Studio/Lowpoly_Environments/Sources/Meshes/Shrubs/PT_Generic_Shrub_01_green.fbx",""
ASSET,MODEL,"Assets/Polytope Studio/Lowpoly_Environments/Sources/Meshes/Trees/PT_Fruit_Tree_01_apples.fbx",""
ASSET,MODEL,"Assets/Polytope Studio/Lowpoly_Environments/Sources/Meshes/Trees/PT_Fruit_Tree_01_dead.fbx",""
ASSET,MODEL,"Assets/Polytope Studio/Lowpoly_Environments/Sources/Meshes/Trees/PT_Fruit_Tree_01_dead_cut.fbx",""
ASSET,MODEL,"Assets/Polytope Studio/Lowpoly_Environments/Sources/Meshes/Trees/PT_Fruit_Tree_01_green.fbx",""
ASSET,MODEL,"Assets/Polytope Studio/Lowpoly_Environments/Sources/Meshes/Trees/PT_Fruit_Tree_01_green_cut.fbx",""
ASSET,MODEL,"Assets/Polytope Studio/Lowpoly_Environments/Sources/Meshes/Trees/PT_Fruit_Tree_01_logs.fbx",""
ASSET,MODEL,"Assets/Polytope Studio/Lowpoly_Environments/Sources/Meshes/Trees/PT_Fruit_Tree_01_pears.fbx",""
ASSET,MODEL,"Assets/Polytope Studio/Lowpoly_Environments/Sources/Meshes/Trees/PT_Fruit_Tree_01_plums.fbx",""
ASSET,MODEL,"Assets/Polytope Studio/Lowpoly_Environments/Sources/Meshes/Trees/PT_Fruit_Tree_01_stump.fbx",""
ASSET,MODEL,"Assets/Polytope Studio/Lowpoly_Environments/Sources/Meshes/Trees/PT_Pine_Tree_03_dead.fbx",""
ASSET,MODEL,"Assets/Polytope Studio/Lowpoly_Environments/Sources/Meshes/Trees/PT_Pine_Tree_03_dead_cut.fbx",""
ASSET,MODEL,"Assets/Polytope Studio/Lowpoly_Environments/Sources/Meshes/Trees/PT_Pine_Tree_03_green.fbx",""
ASSET,MODEL,"Assets/Polytope Studio/Lowpoly_Environments/Sources/Meshes/Trees/PT_Pine_Tree_03_green_cut.fbx",""
ASSET,MODEL,"Assets/Polytope Studio/Lowpoly_Environments/Sources/Meshes/Trees/PT_Pine_Tree_03_logs.fbx",""
ASSET,MODEL,"Assets/Polytope Studio/Lowpoly_Environments/Sources/Meshes/Trees/PT_Pine_Tree_03_stump.fbx",""
ASSET,MODEL,"Assets/Polytope Studio/Lowpoly_Village/Sources/Meshes/Modular/Bridge/PT_Wooden_Bridge_02.fbx",""
ASSET,MODEL,"Assets/Polytope Studio/Lowpoly_Village/Sources/Meshes/Modular/Fence/PT_Modular_Fence_Wood_01.fbx",""
ASSET,MODEL,"Assets/Polytope Studio/Lowpoly_Village/Sources/Meshes/Modular/Fence/PT_Modular_Fence_Wood_02.fbx",""
ASSET,MODEL,"Assets/Polytope Studio/Lowpoly_Village/Sources/Meshes/Modular/Fence/PT_Modular_Fence_Wood_03.fbx",""
ASSET,MODEL,"Assets/Polytope Studio/Lowpoly_Village/Sources/Meshes/Modular/Fence/PT_Modular_Gate_Wood_01.fbx",""
ASSET,MODEL,"Assets/Supercyan Free Forest Sample/Models/Foliage/Grass/forestpack_foliage_grassPatch_small_1.fbx",""
ASSET,MODEL,"Assets/Supercyan Free Forest Sample/Models/Foliage/Grass/forestpack_foliage_grassPatch_small_2.fbx",""
ASSET,MODEL,"Assets/Supercyan Free Forest Sample/Models/Foliage/Mushroom/forestpack_foliage_mushroom_blue_big.FBX",""
ASSET,MODEL,"Assets/Supercyan Free Forest Sample/Models/Foliage/Mushroom/forestpack_foliage_mushroom_red_small.FBX",""
ASSET,MODEL,"Assets/Supercyan Free Forest Sample/Models/SignAndBridge/forestpack_roadSign_westEast_1.FBX",""
ASSET,MODEL,"Assets/Supercyan Free Forest Sample/Models/SignAndBridge/forestpack_roadSign_westEast_1_meshCollider.FBX",""
ASSET,MODEL,"Assets/Supercyan Free Forest Sample/Models/Stone/forestpack_stone_large_1.fbx",""
ASSET,MODEL,"Assets/Supercyan Free Forest Sample/Models/Stone/forestpack_stone_large_1_meshCollider.FBX",""
ASSET,MODEL,"Assets/Supercyan Free Forest Sample/Models/Stone/forestpack_stone_medium_1.fbx",""
ASSET,MODEL,"Assets/Supercyan Free Forest Sample/Models/Stone/forestpack_stone_medium_1_meshCollider.FBX",""
ASSET,MODEL,"Assets/Supercyan Free Forest Sample/Models/Tree/Fir/forestpack_tree_fir_tall.fbx",""
ASSET,MODEL,"Assets/Supercyan Free Forest Sample/Models/Tree/Fir/forestpack_tree_fir_tall_meshCollider.FBX",""
ASSET,MODEL,"Assets/Supercyan Free Forest Sample/Models/Tree/Leaf/forestpack_tree_1_leaf_1.FBX",""
ASSET,MODEL,"Assets/Supercyan Free Forest Sample/Models/Tree/Leaf/forestpack_tree_1_leaf_1_meshCollider.FBX",""
ASSET,MODEL,"Assets/Supercyan Free Forest Sample/Models/Tree/Treestump/forestpack_tree_stump_1.FBX",""
ASSET,MODEL,"Assets/Supercyan Free Forest Sample/Models/Tree/Treestump/forestpack_tree_stump_1_meshCollider.FBX",""
ASSET,PREFAB,"Assets/Art/Bosses/Boss_AlphaJaguar.prefab",""
ASSET,PREFAB,"Assets/Art/Bosses/Boss_FinalCorruptor.prefab",""
ASSET,PREFAB,"Assets/Art/Bosses/Boss_RiverSerpent.prefab",""
ASSET,PREFAB,"Assets/Art/Bosses/Boss_ShadowBeast.prefab",""
ASSET,PREFAB,"Assets/Art/Bosses/Boss_StoneGolem.prefab",""
ASSET,PREFAB,"Assets/Art/Characters/Monkey_Base.prefab",""
ASSET,PREFAB,"Assets/Art/Characters/Monkey_DivineGuardian.prefab",""
ASSET,PREFAB,"Assets/Art/Characters/Monkey_Guardian.prefab",""
ASSET,PREFAB,"Assets/Art/Characters/Monkey_PrimalTitan.prefab",""
ASSET,PREFAB,"Assets/Art/Enemies/Enemy_JunglePredator.prefab",""
ASSET,PREFAB,"Assets/Art/Enemies/Enemy_ToxicReptile.prefab",""
ASSET,PREFAB,"Assets/Art/Enemies/Enemy_WildBoar.prefab",""
ASSET,PREFAB,"Assets/Art/Environment/Plants/Plant_GlowingMushroom.prefab",""
ASSET,PREFAB,"Assets/Art/Environment/Plants/Plant_HibiscusFlower.prefab",""
ASSET,PREFAB,"Assets/Art/Environment/Plants/Plant_JungleFern.prefab",""
ASSET,PREFAB,"Assets/Art/Environment/Plants/Plant_TropicalBush.prefab",""
ASSET,PREFAB,"Assets/Art/Environment/Rocks/Rock_CliffFormation.prefab",""
ASSET,PREFAB,"Assets/Art/Environment/Rocks/Rock_FloatingIsland.prefab",""
ASSET,PREFAB,"Assets/Art/Environment/Rocks/Rock_MossyBoulder.prefab",""
ASSET,PREFAB,"Assets/Art/Environment/Ruins/Ruins_AncientArch.prefab",""
ASSET,PREFAB,"Assets/Art/Environment/Ruins/Ruins_HeavyStoneDoor.prefab",""
ASSET,PREFAB,"Assets/Art/Environment/Ruins/Ruins_RunePedestal.prefab",""
ASSET,PREFAB,"Assets/Art/Environment/Trees/Tree_CoconutPalm.prefab",""
ASSET,PREFAB,"Assets/Art/Environment/Trees/Tree_JungleCanopy.prefab",""
ASSET,PREFAB,"Assets/Art/Props/Prop_AncientCoin.prefab",""
ASSET,PREFAB,"Assets/Art/Props/Prop_BreakableRelic.prefab",""
ASSET,PREFAB,"Assets/Art/Props/Prop_ClimbableVine.prefab",""
ASSET,PREFAB,"Assets/Art/Props/Prop_GoldenBanana.prefab",""
ASSET,PREFAB,"Assets/Art/Props/Prop_HollowFallenLog.prefab",""
ASSET,PREFAB,"Assets/Art/VFX/VFX_AncientDoor_Magic.prefab",""
ASSET,PREFAB,"Assets/Art/VFX/VFX_BossDeath_Burst.prefab",""
ASSET,PREFAB,"Assets/Art/VFX/VFX_Checkpoint_Beam.prefab",""
ASSET,PREFAB,"Assets/Art/VFX/VFX_EnergyBlast_Muzzle.prefab",""
ASSET,PREFAB,"Assets/Art/VFX/VFX_Evolution_Transformation.prefab",""
ASSET,PREFAB,"Assets/Art/VFX/VFX_FireHazard_Flames.prefab",""
ASSET,PREFAB,"Assets/Art/VFX/VFX_GroundSmash_Shockwave.prefab",""
ASSET,PREFAB,"Assets/Art/VFX/VFX_Guardian_Aura.prefab",""
ASSET,PREFAB,"Assets/Art/VFX/VFX_Impact_Sparks.prefab",""
ASSET,PREFAB,"Assets/Art/VFX/VFX_Poison_SporeCloud.prefab",""
ASSET,PREFAB,"Assets/Art/VFX/VFX_Portal_Vortex.prefab",""
ASSET,PREFAB,"Assets/Art/VFX/VFX_Projectile_Trail.prefab",""
ASSET,PREFAB,"Assets/Art/VFX/VFX_Rune_ActivationGlow.prefab",""
ASSET,PREFAB,"Assets/Art/VFX/VFX_WaterSplash_Mist.prefab",""
ASSET,PREFAB,"Assets/Art/Wildlife/Wildlife_Butterfly.prefab",""
ASSET,PREFAB,"Assets/Art/Wildlife/Wildlife_Deer.prefab",""
ASSET,PREFAB,"Assets/Art/Wildlife/Wildlife_Monkey.prefab",""
ASSET,PREFAB,"Assets/Art/Wildlife/Wildlife_Parrot.prefab",""
ASSET,PREFAB,"Assets/Art/Wildlife/Wildlife_TreeFrog.prefab",""
ASSET,PREFAB,"Assets/CoolWorks_Studio/Carpentry_Tools/Prefabs/Axe_Curved.prefab",""
ASSET,PREFAB,"Assets/CoolWorks_Studio/Carpentry_Tools/Prefabs/Axe_Straight.prefab",""
ASSET,PREFAB,"Assets/CoolWorks_Studio/Carpentry_Tools/Prefabs/Chisel_Broad.prefab",""
ASSET,PREFAB,"Assets/CoolWorks_Studio/Carpentry_Tools/Prefabs/Chisel_Curved.prefab",""
ASSET,PREFAB,"Assets/CoolWorks_Studio/Carpentry_Tools/Prefabs/Chisel_Narrow.prefab",""
ASSET,PREFAB,"Assets/CoolWorks_Studio/Carpentry_Tools/Prefabs/Drawing_Knife.prefab",""
ASSET,PREFAB,"Assets/CoolWorks_Studio/Carpentry_Tools/Prefabs/Drill_Bit.prefab",""
ASSET,PREFAB,"Assets/CoolWorks_Studio/Carpentry_Tools/Prefabs/File.prefab",""
ASSET,PREFAB,"Assets/CoolWorks_Studio/Carpentry_Tools/Prefabs/Gimlet.prefab",""
ASSET,PREFAB,"Assets/CoolWorks_Studio/Carpentry_Tools/Prefabs/Hand_Drill.prefab",""
ASSET,PREFAB,"Assets/CoolWorks_Studio/Carpentry_Tools/Prefabs/Hand_Saw.prefab",""
ASSET,PREFAB,"Assets/CoolWorks_Studio/Carpentry_Tools/Prefabs/Plane_Backward.prefab",""
ASSET,PREFAB,"Assets/CoolWorks_Studio/Carpentry_Tools/Prefabs/Plane_Forward.prefab",""
ASSET,PREFAB,"Assets/CoolWorks_Studio/Carpentry_Tools/Prefabs/Rasp.prefab",""
ASSET,PREFAB,"Assets/CoolWorks_Studio/Common/Prefabs/Example_Canvas.prefab",""
ASSET,PREFAB,"Assets/CoolWorks_Studio/Common/Prefabs/Floor_Round.prefab",""
ASSET,PREFAB,"Assets/Furry Squirrel/Prefab/Squirrel_HDRP.prefab",""
ASSET,PREFAB,"Assets/Furry Squirrel/Prefab/Squirrel_URP.prefab",""
ASSET,PREFAB,"Assets/ithappy/Animals_FREE/Prefabs/Chicken_001.prefab",""
ASSET,PREFAB,"Assets/ithappy/Animals_FREE/Prefabs/Deer_001.prefab",""
ASSET,PREFAB,"Assets/ithappy/Animals_FREE/Prefabs/Dog_001.prefab",""
ASSET,PREFAB,"Assets/ithappy/Animals_FREE/Prefabs/Horse_001.prefab",""
ASSET,PREFAB,"Assets/ithappy/Animals_FREE/Prefabs/Kitty_001.prefab",""
ASSET,PREFAB,"Assets/ithappy/Animals_FREE/Prefabs/Pinguin_001.prefab",""
ASSET,PREFAB,"Assets/ithappy/Animals_FREE/Prefabs/Tiger_001.prefab",""
ASSET,PREFAB,"Assets/Low Poly Environment Starter Kit/Prefabs/HDRP/Other/Bush 1.prefab",""
ASSET,PREFAB,"Assets/Low Poly Environment Starter Kit/Prefabs/HDRP/Other/Bush 2.prefab",""
ASSET,PREFAB,"Assets/Low Poly Environment Starter Kit/Prefabs/HDRP/Other/Bush 3.prefab",""
ASSET,PREFAB,"Assets/Low Poly Environment Starter Kit/Prefabs/HDRP/Other/Grass 1.prefab",""
ASSET,PREFAB,"Assets/Low Poly Environment Starter Kit/Prefabs/HDRP/Other/Grass 2.prefab",""
ASSET,PREFAB,"Assets/Low Poly Environment Starter Kit/Prefabs/HDRP/Other/Grass 3.prefab",""
ASSET,PREFAB,"Assets/Low Poly Environment Starter Kit/Prefabs/HDRP/Other/Grass 4.prefab",""
ASSET,PREFAB,"Assets/Low Poly Environment Starter Kit/Prefabs/HDRP/Other/Water.prefab",""
ASSET,PREFAB,"Assets/Low Poly Environment Starter Kit/Prefabs/HDRP/Rocks/Rock 1.prefab",""
ASSET,PREFAB,"Assets/Low Poly Environment Starter Kit/Prefabs/HDRP/Rocks/Rock 2.prefab",""
ASSET,PREFAB,"Assets/Low Poly Environment Starter Kit/Prefabs/HDRP/Rocks/Rock 3.prefab",""
ASSET,PREFAB,"Assets/Low Poly Environment Starter Kit/Prefabs/HDRP/Rocks/Rock 4.prefab",""
ASSET,PREFAB,"Assets/Low Poly Environment Starter Kit/Prefabs/HDRP/Rocks/Rock 5.prefab",""
ASSET,PREFAB,"Assets/Low Poly Environment Starter Kit/Prefabs/HDRP/Rocks/Rock 6.prefab",""
ASSET,PREFAB,"Assets/Low Poly Environment Starter Kit/Prefabs/HDRP/Rocks/Rock 7.prefab",""
ASSET,PREFAB,"Assets/Low Poly Environment Starter Kit/Prefabs/HDRP/Rocks/Rock 8.prefab",""
ASSET,PREFAB,"Assets/Low Poly Environment Starter Kit/Prefabs/HDRP/Rocks/Rock 9.prefab",""
ASSET,PREFAB,"Assets/Low Poly Environment Starter Kit/Prefabs/HDRP/Rocks/Rock 10.prefab",""
ASSET,PREFAB,"Assets/Low Poly Environment Starter Kit/Prefabs/HDRP/Rocks/Rock 11.prefab",""
ASSET,PREFAB,"Assets/Low Poly Environment Starter Kit/Prefabs/HDRP/Rocks/Rock 12.prefab",""
ASSET,PREFAB,"Assets/Low Poly Environment Starter Kit/Prefabs/HDRP/Rocks/Rock Arc.prefab",""
ASSET,PREFAB,"Assets/Low Poly Environment Starter Kit/Prefabs/HDRP/Rocks/Rock Pile 1.prefab",""
ASSET,PREFAB,"Assets/Low Poly Environment Starter Kit/Prefabs/HDRP/Rocks/Rock Pile 2.prefab",""
ASSET,PREFAB,"Assets/Low Poly Environment Starter Kit/Prefabs/HDRP/Rocks/Rock Pile 3.prefab",""
ASSET,PREFAB,"Assets/Low Poly Environment Starter Kit/Prefabs/HDRP/Terrains/Canyon.prefab",""
ASSET,PREFAB,"Assets/Low Poly Environment Starter Kit/Prefabs/HDRP/Terrains/Field.prefab",""
ASSET,PREFAB,"Assets/Low Poly Environment Starter Kit/Prefabs/HDRP/Terrains/Forest.prefab",""
ASSET,PREFAB,"Assets/Low Poly Environment Starter Kit/Prefabs/HDRP/Terrains/Lake.prefab",""
ASSET,PREFAB,"Assets/Low Poly Environment Starter Kit/Prefabs/HDRP/Terrains/Mountain 1.prefab",""
ASSET,PREFAB,"Assets/Low Poly Environment Starter Kit/Prefabs/HDRP/Terrains/Mountain 2.prefab",""
ASSET,PREFAB,"Assets/Low Poly Environment Starter Kit/Prefabs/HDRP/Terrains/Mountain 3.prefab",""
ASSET,PREFAB,"Assets/Low Poly Environment Starter Kit/Prefabs/HDRP/Trees/Pine 1.prefab",""
ASSET,PREFAB,"Assets/Low Poly Environment Starter Kit/Prefabs/HDRP/Trees/Pine 2.prefab",""
ASSET,PREFAB,"Assets/Low Poly Environment Starter Kit/Prefabs/HDRP/Trees/Pine 3.prefab",""
ASSET,PREFAB,"Assets/Low Poly Environment Starter Kit/Prefabs/HDRP/Trees/Pine 4.prefab",""
ASSET,PREFAB,"Assets/Low Poly Environment Starter Kit/Prefabs/HDRP/Trees/Pine 5.prefab",""
ASSET,PREFAB,"Assets/Low Poly Environment Starter Kit/Prefabs/HDRP/Trees/Pine 6.prefab",""
ASSET,PREFAB,"Assets/Low Poly Environment Starter Kit/Prefabs/HDRP/Trees/Tree 1.prefab",""
ASSET,PREFAB,"Assets/Low Poly Environment Starter Kit/Prefabs/HDRP/Trees/Tree 2.prefab",""
ASSET,PREFAB,"Assets/Low Poly Environment Starter Kit/Prefabs/HDRP/Trees/Tree 3.prefab",""
ASSET,PREFAB,"Assets/Low Poly Environment Starter Kit/Prefabs/HDRP/Trees/Tree 4.prefab",""
ASSET,PREFAB,"Assets/Low Poly Environment Starter Kit/Prefabs/HDRP/Trees/Tree 5.prefab",""
ASSET,PREFAB,"Assets/Low Poly Environment Starter Kit/Prefabs/HDRP/Trees/Tree 6.prefab",""
ASSET,PREFAB,"Assets/Low Poly Environment Starter Kit/Prefabs/HDRP/Trees/Tree 7.prefab",""
ASSET,PREFAB,"Assets/Low Poly Environment Starter Kit/Prefabs/HDRP/Trees/Tree 8.prefab",""
ASSET,PREFAB,"Assets/Low Poly Environment Starter Kit/Prefabs/Standard/Other/Bush 1.prefab",""
ASSET,PREFAB,"Assets/Low Poly Environment Starter Kit/Prefabs/Standard/Other/Bush 2.prefab",""
ASSET,PREFAB,"Assets/Low Poly Environment Starter Kit/Prefabs/Standard/Other/Bush 3.prefab",""
ASSET,PREFAB,"Assets/Low Poly Environment Starter Kit/Prefabs/Standard/Other/Grass 1.prefab",""
ASSET,PREFAB,"Assets/Low Poly Environment Starter Kit/Prefabs/Standard/Other/Grass 2.prefab",""
ASSET,PREFAB,"Assets/Low Poly Environment Starter Kit/Prefabs/Standard/Other/Grass 3.prefab",""
ASSET,PREFAB,"Assets/Low Poly Environment Starter Kit/Prefabs/Standard/Other/Grass 4.prefab",""
ASSET,PREFAB,"Assets/Low Poly Environment Starter Kit/Prefabs/Standard/Other/Water.prefab",""
ASSET,PREFAB,"Assets/Low Poly Environment Starter Kit/Prefabs/Standard/Rocks/Rock 1.prefab",""
ASSET,PREFAB,"Assets/Low Poly Environment Starter Kit/Prefabs/Standard/Rocks/Rock 2.prefab",""
ASSET,PREFAB,"Assets/Low Poly Environment Starter Kit/Prefabs/Standard/Rocks/Rock 3.prefab",""
ASSET,PREFAB,"Assets/Low Poly Environment Starter Kit/Prefabs/Standard/Rocks/Rock 4.prefab",""
ASSET,PREFAB,"Assets/Low Poly Environment Starter Kit/Prefabs/Standard/Rocks/Rock 5.prefab",""
ASSET,PREFAB,"Assets/Low Poly Environment Starter Kit/Prefabs/Standard/Rocks/Rock 6.prefab",""
ASSET,PREFAB,"Assets/Low Poly Environment Starter Kit/Prefabs/Standard/Rocks/Rock 7.prefab",""
ASSET,PREFAB,"Assets/Low Poly Environment Starter Kit/Prefabs/Standard/Rocks/Rock 8.prefab",""
ASSET,PREFAB,"Assets/Low Poly Environment Starter Kit/Prefabs/Standard/Rocks/Rock 9.prefab",""
ASSET,PREFAB,"Assets/Low Poly Environment Starter Kit/Prefabs/Standard/Rocks/Rock 10.prefab",""
ASSET,PREFAB,"Assets/Low Poly Environment Starter Kit/Prefabs/Standard/Rocks/Rock 11.prefab",""
ASSET,PREFAB,"Assets/Low Poly Environment Starter Kit/Prefabs/Standard/Rocks/Rock 12.prefab",""
ASSET,PREFAB,"Assets/Low Poly Environment Starter Kit/Prefabs/Standard/Rocks/Rock Arc.prefab",""
ASSET,PREFAB,"Assets/Low Poly Environment Starter Kit/Prefabs/Standard/Rocks/Rock Pile 1.prefab",""
ASSET,PREFAB,"Assets/Low Poly Environment Starter Kit/Prefabs/Standard/Rocks/Rock Pile 2.prefab",""
ASSET,PREFAB,"Assets/Low Poly Environment Starter Kit/Prefabs/Standard/Rocks/Rock Pile 3.prefab",""
ASSET,PREFAB,"Assets/Low Poly Environment Starter Kit/Prefabs/Standard/Terrains/Canyon.prefab",""
ASSET,PREFAB,"Assets/Low Poly Environment Starter Kit/Prefabs/Standard/Terrains/Field.prefab",""
ASSET,PREFAB,"Assets/Low Poly Environment Starter Kit/Prefabs/Standard/Terrains/Forest.prefab",""
ASSET,PREFAB,"Assets/Low Poly Environment Starter Kit/Prefabs/Standard/Terrains/Lake.prefab",""
ASSET,PREFAB,"Assets/Low Poly Environment Starter Kit/Prefabs/Standard/Terrains/Mountain 1.prefab",""
ASSET,PREFAB,"Assets/Low Poly Environment Starter Kit/Prefabs/Standard/Terrains/Mountain 2.prefab",""
ASSET,PREFAB,"Assets/Low Poly Environment Starter Kit/Prefabs/Standard/Terrains/Mountain 3.prefab",""
ASSET,PREFAB,"Assets/Low Poly Environment Starter Kit/Prefabs/Standard/Trees/Pine 1.prefab",""
ASSET,PREFAB,"Assets/Low Poly Environment Starter Kit/Prefabs/Standard/Trees/Pine 2.prefab",""
ASSET,PREFAB,"Assets/Low Poly Environment Starter Kit/Prefabs/Standard/Trees/Pine 3.prefab",""
ASSET,PREFAB,"Assets/Low Poly Environment Starter Kit/Prefabs/Standard/Trees/Pine 4.prefab",""
ASSET,PREFAB,"Assets/Low Poly Environment Starter Kit/Prefabs/Standard/Trees/Pine 5.prefab",""
ASSET,PREFAB,"Assets/Low Poly Environment Starter Kit/Prefabs/Standard/Trees/Pine 6.prefab",""
ASSET,PREFAB,"Assets/Low Poly Environment Starter Kit/Prefabs/Standard/Trees/Tree 1.prefab",""
ASSET,PREFAB,"Assets/Low Poly Environment Starter Kit/Prefabs/Standard/Trees/Tree 2.prefab",""
ASSET,PREFAB,"Assets/Low Poly Environment Starter Kit/Prefabs/Standard/Trees/Tree 3.prefab",""
ASSET,PREFAB,"Assets/Low Poly Environment Starter Kit/Prefabs/Standard/Trees/Tree 4.prefab",""
ASSET,PREFAB,"Assets/Low Poly Environment Starter Kit/Prefabs/Standard/Trees/Tree 5.prefab",""
ASSET,PREFAB,"Assets/Low Poly Environment Starter Kit/Prefabs/Standard/Trees/Tree 6.prefab",""
ASSET,PREFAB,"Assets/Low Poly Environment Starter Kit/Prefabs/Standard/Trees/Tree 7.prefab",""
ASSET,PREFAB,"Assets/Low Poly Environment Starter Kit/Prefabs/Standard/Trees/Tree 8.prefab",""
ASSET,PREFAB,"Assets/Low Poly Environment Starter Kit/Prefabs/URP/Other/Bush 1.prefab",""
ASSET,PREFAB,"Assets/Low Poly Environment Starter Kit/Prefabs/URP/Other/Bush 2.prefab",""
ASSET,PREFAB,"Assets/Low Poly Environment Starter Kit/Prefabs/URP/Other/Bush 3.prefab",""
ASSET,PREFAB,"Assets/Low Poly Environment Starter Kit/Prefabs/URP/Other/Grass 1.prefab",""
ASSET,PREFAB,"Assets/Low Poly Environment Starter Kit/Prefabs/URP/Other/Grass 2.prefab",""
ASSET,PREFAB,"Assets/Low Poly Environment Starter Kit/Prefabs/URP/Other/Grass 3.prefab",""
ASSET,PREFAB,"Assets/Low Poly Environment Starter Kit/Prefabs/URP/Other/Grass 4.prefab",""
ASSET,PREFAB,"Assets/Low Poly Environment Starter Kit/Prefabs/URP/Other/Water.prefab",""
ASSET,PREFAB,"Assets/Low Poly Environment Starter Kit/Prefabs/URP/Rocks/Rock 1.prefab",""
ASSET,PREFAB,"Assets/Low Poly Environment Starter Kit/Prefabs/URP/Rocks/Rock 2.prefab",""
ASSET,PREFAB,"Assets/Low Poly Environment Starter Kit/Prefabs/URP/Rocks/Rock 3.prefab",""
ASSET,PREFAB,"Assets/Low Poly Environment Starter Kit/Prefabs/URP/Rocks/Rock 4.prefab",""
ASSET,PREFAB,"Assets/Low Poly Environment Starter Kit/Prefabs/URP/Rocks/Rock 5.prefab",""
ASSET,PREFAB,"Assets/Low Poly Environment Starter Kit/Prefabs/URP/Rocks/Rock 6.prefab",""
ASSET,PREFAB,"Assets/Low Poly Environment Starter Kit/Prefabs/URP/Rocks/Rock 7.prefab",""
ASSET,PREFAB,"Assets/Low Poly Environment Starter Kit/Prefabs/URP/Rocks/Rock 8.prefab",""
ASSET,PREFAB,"Assets/Low Poly Environment Starter Kit/Prefabs/URP/Rocks/Rock 9.prefab",""
ASSET,PREFAB,"Assets/Low Poly Environment Starter Kit/Prefabs/URP/Rocks/Rock 10.prefab",""
ASSET,PREFAB,"Assets/Low Poly Environment Starter Kit/Prefabs/URP/Rocks/Rock 11.prefab",""
ASSET,PREFAB,"Assets/Low Poly Environment Starter Kit/Prefabs/URP/Rocks/Rock 12.prefab",""
ASSET,PREFAB,"Assets/Low Poly Environment Starter Kit/Prefabs/URP/Rocks/Rock Arc.prefab",""
ASSET,PREFAB,"Assets/Low Poly Environment Starter Kit/Prefabs/URP/Rocks/Rock Pile 1.prefab",""
ASSET,PREFAB,"Assets/Low Poly Environment Starter Kit/Prefabs/URP/Rocks/Rock Pile 2.prefab",""
ASSET,PREFAB,"Assets/Low Poly Environment Starter Kit/Prefabs/URP/Rocks/Rock Pile 3.prefab",""
ASSET,PREFAB,"Assets/Low Poly Environment Starter Kit/Prefabs/URP/Terrains/Canyon.prefab",""
ASSET,PREFAB,"Assets/Low Poly Environment Starter Kit/Prefabs/URP/Terrains/Field.prefab",""
ASSET,PREFAB,"Assets/Low Poly Environment Starter Kit/Prefabs/URP/Terrains/Forest.prefab",""
ASSET,PREFAB,"Assets/Low Poly Environment Starter Kit/Prefabs/URP/Terrains/Lake.prefab",""
ASSET,PREFAB,"Assets/Low Poly Environment Starter Kit/Prefabs/URP/Terrains/Mountain 1.prefab",""
ASSET,PREFAB,"Assets/Low Poly Environment Starter Kit/Prefabs/URP/Terrains/Mountain 2.prefab",""
ASSET,PREFAB,"Assets/Low Poly Environment Starter Kit/Prefabs/URP/Terrains/Mountain 3.prefab",""
ASSET,PREFAB,"Assets/Low Poly Environment Starter Kit/Prefabs/URP/Trees/Pine 1.prefab",""
ASSET,PREFAB,"Assets/Low Poly Environment Starter Kit/Prefabs/URP/Trees/Pine 2.prefab",""
ASSET,PREFAB,"Assets/Low Poly Environment Starter Kit/Prefabs/URP/Trees/Pine 3.prefab",""
ASSET,PREFAB,"Assets/Low Poly Environment Starter Kit/Prefabs/URP/Trees/Pine 4.prefab",""
ASSET,PREFAB,"Assets/Low Poly Environment Starter Kit/Prefabs/URP/Trees/Pine 5.prefab",""
ASSET,PREFAB,"Assets/Low Poly Environment Starter Kit/Prefabs/URP/Trees/Pine 6.prefab",""
ASSET,PREFAB,"Assets/Low Poly Environment Starter Kit/Prefabs/URP/Trees/Tree 1.prefab",""
ASSET,PREFAB,"Assets/Low Poly Environment Starter Kit/Prefabs/URP/Trees/Tree 2.prefab",""
ASSET,PREFAB,"Assets/Low Poly Environment Starter Kit/Prefabs/URP/Trees/Tree 3.prefab",""
ASSET,PREFAB,"Assets/Low Poly Environment Starter Kit/Prefabs/URP/Trees/Tree 4.prefab",""
ASSET,PREFAB,"Assets/Low Poly Environment Starter Kit/Prefabs/URP/Trees/Tree 5.prefab",""
ASSET,PREFAB,"Assets/Low Poly Environment Starter Kit/Prefabs/URP/Trees/Tree 6.prefab",""
ASSET,PREFAB,"Assets/Low Poly Environment Starter Kit/Prefabs/URP/Trees/Tree 7.prefab",""
ASSET,PREFAB,"Assets/Low Poly Environment Starter Kit/Prefabs/URP/Trees/Tree 8.prefab",""
ASSET,PREFAB,"Assets/Patchmesh/Stylized Critter Collection Demo/Prefabs/Caterpillar 1.prefab",""
ASSET,PREFAB,"Assets/Patchmesh/Stylized Critter Collection Demo/Prefabs/Caterpillar 2.prefab",""
ASSET,PREFAB,"Assets/Patchmesh/Stylized Critter Collection Demo/Prefabs/Ladybug Pink.prefab",""
ASSET,PREFAB,"Assets/Patchmesh/Stylized Critter Collection Demo/Prefabs/Ladybug Red.prefab",""
ASSET,PREFAB,"Assets/Patchmesh/Stylized Critter Collection Demo/Prefabs/Ladybug Yellow.prefab",""
ASSET,PREFAB,"Assets/Polytope Studio/Lowpoly_Demos/Environment_Free/Helpers/Fence.prefab",""
ASSET,PREFAB,"Assets/Polytope Studio/Lowpoly_Demos/Environment_Free/Helpers/PT_Grass_02_v1.prefab",""
ASSET,PREFAB,"Assets/Polytope Studio/Lowpoly_Demos/Environment_Free/Helpers/PT_Grass_02_v2.prefab",""
ASSET,PREFAB,"Assets/Polytope Studio/Lowpoly_Demos/Environment_Free/Helpers/PT_High_Grass_02_v1.prefab",""
ASSET,PREFAB,"Assets/Polytope Studio/Lowpoly_Demos/Environment_Free/Helpers/PT_Poppy_02_v1.prefab",""
ASSET,PREFAB,"Assets/Polytope Studio/Lowpoly_Demos/Environment_Free/Helpers/PT_River_Rock_Pile_02_v1.prefab",""
ASSET,PREFAB,"Assets/Polytope Studio/Lowpoly_Environments/Prefabs/Flowers/PT_Poppy_02.prefab",""
ASSET,PREFAB,"Assets/Polytope Studio/Lowpoly_Environments/Prefabs/Mushrooms/PT_Caesars_Mushroom_01.prefab",""
ASSET,PREFAB,"Assets/Polytope Studio/Lowpoly_Environments/Prefabs/Plants/PT_Grass_02.prefab",""
ASSET,PREFAB,"Assets/Polytope Studio/Lowpoly_Environments/Prefabs/Rocks/PT_Generic_Rock_01.prefab",""
ASSET,PREFAB,"Assets/Polytope Studio/Lowpoly_Environments/Prefabs/Rocks/PT_Menhir_Rock_02.prefab",""
ASSET,PREFAB,"Assets/Polytope Studio/Lowpoly_Environments/Prefabs/Rocks/PT_Ore_Rock_01.prefab",""
ASSET,PREFAB,"Assets/Polytope Studio/Lowpoly_Environments/Prefabs/Rocks/PT_Ore_Rock_01_split.prefab",""
ASSET,PREFAB,"Assets/Polytope Studio/Lowpoly_Environments/Prefabs/Rocks/PT_River_Rock_Pile_02.prefab",""
ASSET,PREFAB,"Assets/Polytope Studio/Lowpoly_Environments/Prefabs/Shrubs/PT_Generic_Shrub_01_dead.prefab",""
ASSET,PREFAB,"Assets/Polytope Studio/Lowpoly_Environments/Prefabs/Shrubs/PT_Generic_Shrub_01_green.prefab",""
ASSET,PREFAB,"Assets/Polytope Studio/Lowpoly_Environments/Prefabs/Trees/PT_Fruit_Tree_01_apples.prefab",""
ASSET,PREFAB,"Assets/Polytope Studio/Lowpoly_Environments/Prefabs/Trees/PT_Fruit_Tree_01_dead.prefab",""
ASSET,PREFAB,"Assets/Polytope Studio/Lowpoly_Environments/Prefabs/Trees/PT_Fruit_Tree_01_dead_cut.prefab",""
ASSET,PREFAB,"Assets/Polytope Studio/Lowpoly_Environments/Prefabs/Trees/PT_Fruit_Tree_01_green.prefab",""
ASSET,PREFAB,"Assets/Polytope Studio/Lowpoly_Environments/Prefabs/Trees/PT_Fruit_Tree_01_green_cut.prefab",""
ASSET,PREFAB,"Assets/Polytope Studio/Lowpoly_Environments/Prefabs/Trees/PT_Fruit_Tree_01_logs.prefab",""
ASSET,PREFAB,"Assets/Polytope Studio/Lowpoly_Environments/Prefabs/Trees/PT_Fruit_Tree_01_pears.prefab",""
ASSET,PREFAB,"Assets/Polytope Studio/Lowpoly_Environments/Prefabs/Trees/PT_Fruit_Tree_01_plums.prefab",""
ASSET,PREFAB,"Assets/Polytope Studio/Lowpoly_Environments/Prefabs/Trees/PT_Fruit_Tree_01_stump.prefab",""
ASSET,PREFAB,"Assets/Polytope Studio/Lowpoly_Environments/Prefabs/Trees/PT_Pine_Tree_03_dead.prefab",""
ASSET,PREFAB,"Assets/Polytope Studio/Lowpoly_Environments/Prefabs/Trees/PT_Pine_Tree_03_dead_cut.prefab",""
ASSET,PREFAB,"Assets/Polytope Studio/Lowpoly_Environments/Prefabs/Trees/PT_Pine_Tree_03_green.prefab",""
ASSET,PREFAB,"Assets/Polytope Studio/Lowpoly_Environments/Prefabs/Trees/PT_Pine_Tree_03_green_cut.prefab",""
ASSET,PREFAB,"Assets/Polytope Studio/Lowpoly_Environments/Prefabs/Trees/PT_Pine_Tree_03_logs.prefab",""
ASSET,PREFAB,"Assets/Polytope Studio/Lowpoly_Environments/Prefabs/Trees/PT_Pine_Tree_03_stump.prefab",""
ASSET,PREFAB,"Assets/Polytope Studio/Lowpoly_Village/Prefabs/Modular/Bridge/PT_Wooden_Bridge_02.prefab",""
ASSET,PREFAB,"Assets/Polytope Studio/Lowpoly_Village/Prefabs/Modular/Fence/PT_Modular_Fence_Wood_01.prefab",""
ASSET,PREFAB,"Assets/Polytope Studio/Lowpoly_Village/Prefabs/Modular/Fence/PT_Modular_Fence_Wood_02.prefab",""
ASSET,PREFAB,"Assets/Polytope Studio/Lowpoly_Village/Prefabs/Modular/Fence/PT_Modular_Fence_Wood_03.prefab",""
ASSET,PREFAB,"Assets/Polytope Studio/Lowpoly_Village/Prefabs/Modular/Fence/PT_Modular_Gate_Wood_01.prefab",""
ASSET,PREFAB,"Assets/Prefabs/MagicProjectile.prefab",""
ASSET,PREFAB,"Assets/Procedural Tree/Prefabs/Ash Tree.prefab",""
ASSET,PREFAB,"Assets/Procedural Tree/Prefabs/Elm Tree.prefab",""
ASSET,PREFAB,"Assets/Procedural Tree/Prefabs/Magnolia Tree.prefab",""
ASSET,PREFAB,"Assets/Procedural Tree/Prefabs/Oak Tree.prefab",""
ASSET,PREFAB,"Assets/Procedural Tree/Prefabs/Pine Tree.prefab",""
ASSET,PREFAB,"Assets/Procedural Tree/Prefabs/Poplar Tree.prefab",""
ASSET,PREFAB,"Assets/Rainy VFX/Prefab/Demo Prefab/Particle System (1).prefab",""
ASSET,PREFAB,"Assets/Rainy VFX/Prefab/Demo Prefab/Particle System (2).prefab",""
ASSET,PREFAB,"Assets/Rainy VFX/Prefab/Demo Prefab/Particle System (3).prefab",""
ASSET,PREFAB,"Assets/Rainy VFX/Prefab/Demo Prefab/Particle System (4).prefab",""
ASSET,PREFAB,"Assets/Rainy VFX/Prefab/Particle System (1).prefab",""
ASSET,PREFAB,"Assets/Rainy VFX/Prefab/Particle System (2).prefab",""
ASSET,PREFAB,"Assets/Rainy VFX/Prefab/Particle System.prefab",""
ASSET,PREFAB,"Assets/Supercyan Free Forest Sample/Prefabs/High Quality/Foliage/Grass/forestpack_foliage_grassPatch_small_1.prefab",""
ASSET,PREFAB,"Assets/Supercyan Free Forest Sample/Prefabs/High Quality/Foliage/Grass/forestpack_foliage_grassPatch_small_2.prefab",""
ASSET,PREFAB,"Assets/Supercyan Free Forest Sample/Prefabs/High Quality/Foliage/Mushroom/forestpack_foliage_mushroom_blue_big.prefab",""
ASSET,PREFAB,"Assets/Supercyan Free Forest Sample/Prefabs/High Quality/Foliage/Mushroom/forestpack_foliage_mushroom_red_small.prefab",""
ASSET,PREFAB,"Assets/Supercyan Free Forest Sample/Prefabs/High Quality/Sign/forestpack_roadSign_westEast_1.prefab",""
ASSET,PREFAB,"Assets/Supercyan Free Forest Sample/Prefabs/High Quality/Stone/forestpack_stone_large_1.prefab",""
ASSET,PREFAB,"Assets/Supercyan Free Forest Sample/Prefabs/High Quality/Stone/forestpack_stone_medium_1.prefab",""
ASSET,PREFAB,"Assets/Supercyan Free Forest Sample/Prefabs/High Quality/Tree/Fir/forestpack_tree_fir_tall.prefab",""
ASSET,PREFAB,"Assets/Supercyan Free Forest Sample/Prefabs/High Quality/Tree/Leaf/Normal/forestpack_tree_1_leaf_1.prefab",""
ASSET,PREFAB,"Assets/Supercyan Free Forest Sample/Prefabs/High Quality/Tree/Treestump/forestpack_tree_stump_1.prefab",""
ASSET,PREFAB,"Assets/Supercyan Free Forest Sample/Prefabs/Mobile/Foliage/Grass/Mobile_forestpack_foliage_grassPatch_small_1.prefab",""
ASSET,PREFAB,"Assets/Supercyan Free Forest Sample/Prefabs/Mobile/Foliage/Grass/Mobile_forestpack_foliage_grassPatch_small_2.prefab",""
ASSET,PREFAB,"Assets/Supercyan Free Forest Sample/Prefabs/Mobile/Foliage/Mushroom/Mobile_forestpack_foliage_mushroom_blue_big.prefab",""
ASSET,PREFAB,"Assets/Supercyan Free Forest Sample/Prefabs/Mobile/Foliage/Mushroom/Mobile_forestpack_foliage_mushroom_red_small.prefab",""
ASSET,PREFAB,"Assets/Supercyan Free Forest Sample/Prefabs/Mobile/Sign/Mobile_forestpack_roadSign_westEast_1.prefab",""
ASSET,PREFAB,"Assets/Supercyan Free Forest Sample/Prefabs/Mobile/Stone/Mobile_forestpack_stone_large_1.prefab",""
ASSET,PREFAB,"Assets/Supercyan Free Forest Sample/Prefabs/Mobile/Stone/Mobile_forestpack_stone_medium_1.prefab",""
ASSET,PREFAB,"Assets/Supercyan Free Forest Sample/Prefabs/Mobile/Tree/Fir/Mobile_forestpack_tree_fir_tall.prefab",""
ASSET,PREFAB,"Assets/Supercyan Free Forest Sample/Prefabs/Mobile/Tree/Leaf/Normal/Mobile_forestpack_tree_1_leaf_1.prefab",""
ASSET,PREFAB,"Assets/Supercyan Free Forest Sample/Prefabs/Mobile/Tree/Treestump/Mobile_forestpack_tree_stump_1.prefab",""
ASSET,MATERIAL,"Assets/Art/Materials/Mat_AncientStone.mat",""
ASSET,MATERIAL,"Assets/Art/Materials/Mat_BoarHide.mat",""
ASSET,MATERIAL,"Assets/Art/Materials/Mat_ButterflyWing.mat",""
ASSET,MATERIAL,"Assets/Art/Materials/Mat_CorruptVoid.mat",""
ASSET,MATERIAL,"Assets/Art/Materials/Mat_DeerFur.mat",""
ASSET,MATERIAL,"Assets/Art/Materials/Mat_DivineCyan.mat",""
ASSET,MATERIAL,"Assets/Art/Materials/Mat_FrogSkin.mat",""
ASSET,MATERIAL,"Assets/Art/Materials/Mat_GolemBasalt.mat",""
ASSET,MATERIAL,"Assets/Art/Materials/Mat_GuardianGold.mat",""
ASSET,MATERIAL,"Assets/Art/Materials/Mat_JaguarFur.mat",""
ASSET,MATERIAL,"Assets/Art/Materials/Mat_JungleLeaves.mat",""
ASSET,MATERIAL,"Assets/Art/Materials/Mat_JungleWood.mat",""
ASSET,MATERIAL,"Assets/Art/Materials/Mat_MonkeyFur.mat",""
ASSET,MATERIAL,"Assets/Art/Materials/Mat_MonkeySkin.mat",""
ASSET,MATERIAL,"Assets/Art/Materials/Mat_MossyRock.mat",""
ASSET,MATERIAL,"Assets/Art/Materials/Mat_PalmLeaves.mat",""
ASSET,MATERIAL,"Assets/Art/Materials/Mat_ParrotFeather.mat",""
ASSET,MATERIAL,"Assets/Art/Materials/Mat_PredatorSkin.mat",""
ASSET,MATERIAL,"Assets/Art/Materials/Mat_ReptileScale.mat",""
ASSET,MATERIAL,"Assets/Art/Materials/Mat_RuneActiveGlow.mat",""
ASSET,MATERIAL,"Assets/Art/Materials/Mat_SerpentScale.mat",""
ASSET,MATERIAL,"Assets/Art/Materials/Mat_ShadowEther.mat",""
ASSET,MATERIAL,"Assets/Art/Materials/Mat_TitanFur.mat",""
ASSET,MATERIAL,"Assets/CoolWorks_Studio/Carpentry_Tools/Materials/Axes.mat",""
ASSET,MATERIAL,"Assets/CoolWorks_Studio/Carpentry_Tools/Materials/Chisel_Broad.mat",""
ASSET,MATERIAL,"Assets/CoolWorks_Studio/Carpentry_Tools/Materials/Chisel_Curved.mat",""
ASSET,MATERIAL,"Assets/CoolWorks_Studio/Carpentry_Tools/Materials/Chisel_Narrow.mat",""
ASSET,MATERIAL,"Assets/CoolWorks_Studio/Carpentry_Tools/Materials/DrawingKnife_HandSaw.mat",""
ASSET,MATERIAL,"Assets/CoolWorks_Studio/Carpentry_Tools/Materials/DrillBit_File_Rasp.mat",""
ASSET,MATERIAL,"Assets/CoolWorks_Studio/Carpentry_Tools/Materials/Gimlet.mat",""
ASSET,MATERIAL,"Assets/CoolWorks_Studio/Carpentry_Tools/Materials/Hand_Drill.mat",""
ASSET,MATERIAL,"Assets/CoolWorks_Studio/Carpentry_Tools/Materials/Planes.mat",""
ASSET,MATERIAL,"Assets/CoolWorks_Studio/Common/Materials/Floor_Tiled_01.mat",""
ASSET,MATERIAL,"Assets/Furry Squirrel/Materials/Fur_HDRP_Generated/Squirrel_Cards_HDRP.mat",""
ASSET,MATERIAL,"Assets/Furry Squirrel/Materials/Fur_HDRP_Generated/Squirrel_Shell_HDRP.mat",""
ASSET,MATERIAL,"Assets/Furry Squirrel/Materials/Fur_URP_Generated/Squirrel_Cards_URP.mat",""
ASSET,MATERIAL,"Assets/Furry Squirrel/Materials/Fur_URP_Generated/Squirrel_Shell_URP.mat",""
ASSET,MATERIAL,"Assets/Furry Squirrel/Materials/Squirrel_HDRP.mat",""
ASSET,MATERIAL,"Assets/Furry Squirrel/Materials/Squirrel_URP.mat",""
ASSET,MATERIAL,"Assets/ithappy/Animals_FREE/Materials/Floor.mat",""
ASSET,MATERIAL,"Assets/ithappy/Animals_FREE/Materials/Material.mat",""
ASSET,MATERIAL,"Assets/ithappy/Animals_FREE/Skyboxes/Skybox_5.mat",""
ASSET,MATERIAL,"Assets/Low Poly Environment Starter Kit/Source/Material/HDRP/Bark.mat",""
ASSET,MATERIAL,"Assets/Low Poly Environment Starter Kit/Source/Material/HDRP/Bush.mat",""
ASSET,MATERIAL,"Assets/Low Poly Environment Starter Kit/Source/Material/HDRP/Grass.mat",""
ASSET,MATERIAL,"Assets/Low Poly Environment Starter Kit/Source/Material/HDRP/Ground.mat",""
ASSET,MATERIAL,"Assets/Low Poly Environment Starter Kit/Source/Material/HDRP/Leaves 1.mat",""
ASSET,MATERIAL,"Assets/Low Poly Environment Starter Kit/Source/Material/HDRP/Leaves 2.mat",""
ASSET,MATERIAL,"Assets/Low Poly Environment Starter Kit/Source/Material/HDRP/Leaves 3.mat",""
ASSET,MATERIAL,"Assets/Low Poly Environment Starter Kit/Source/Material/HDRP/Pine Bark.mat",""
ASSET,MATERIAL,"Assets/Low Poly Environment Starter Kit/Source/Material/HDRP/Rock.mat",""
ASSET,MATERIAL,"Assets/Low Poly Environment Starter Kit/Source/Material/HDRP/Snow.mat",""
ASSET,MATERIAL,"Assets/Low Poly Environment Starter Kit/Source/Material/HDRP/Stone.mat",""
ASSET,MATERIAL,"Assets/Low Poly Environment Starter Kit/Source/Material/HDRP/Tree Bark.mat",""
ASSET,MATERIAL,"Assets/Low Poly Environment Starter Kit/Source/Material/HDRP/Water Material.mat",""
ASSET,MATERIAL,"Assets/Low Poly Environment Starter Kit/Source/Material/Standard/Bark.mat",""
ASSET,MATERIAL,"Assets/Low Poly Environment Starter Kit/Source/Material/Standard/Bush.mat",""
ASSET,MATERIAL,"Assets/Low Poly Environment Starter Kit/Source/Material/Standard/Grass.mat",""
ASSET,MATERIAL,"Assets/Low Poly Environment Starter Kit/Source/Material/Standard/Ground.mat",""
ASSET,MATERIAL,"Assets/Low Poly Environment Starter Kit/Source/Material/Standard/Leaves 1.mat",""
ASSET,MATERIAL,"Assets/Low Poly Environment Starter Kit/Source/Material/Standard/Leaves 2.mat",""
ASSET,MATERIAL,"Assets/Low Poly Environment Starter Kit/Source/Material/Standard/Leaves 3.mat",""
ASSET,MATERIAL,"Assets/Low Poly Environment Starter Kit/Source/Material/Standard/Pine Bark.mat",""
ASSET,MATERIAL,"Assets/Low Poly Environment Starter Kit/Source/Material/Standard/Rock.mat",""
ASSET,MATERIAL,"Assets/Low Poly Environment Starter Kit/Source/Material/Standard/Snow.mat",""
ASSET,MATERIAL,"Assets/Low Poly Environment Starter Kit/Source/Material/Standard/Stone.mat",""
ASSET,MATERIAL,"Assets/Low Poly Environment Starter Kit/Source/Material/Standard/Tree Bark.mat",""
ASSET,MATERIAL,"Assets/Low Poly Environment Starter Kit/Source/Material/Standard/Water Material.mat",""
ASSET,MATERIAL,"Assets/Low Poly Environment Starter Kit/Source/Material/URP/Bark.mat",""
ASSET,MATERIAL,"Assets/Low Poly Environment Starter Kit/Source/Material/URP/Bush.mat",""
ASSET,MATERIAL,"Assets/Low Poly Environment Starter Kit/Source/Material/URP/Grass.mat",""
ASSET,MATERIAL,"Assets/Low Poly Environment Starter Kit/Source/Material/URP/Ground.mat",""
ASSET,MATERIAL,"Assets/Low Poly Environment Starter Kit/Source/Material/URP/Leaves 1.mat",""
ASSET,MATERIAL,"Assets/Low Poly Environment Starter Kit/Source/Material/URP/Leaves 2.mat",""
ASSET,MATERIAL,"Assets/Low Poly Environment Starter Kit/Source/Material/URP/Leaves 3.mat",""
ASSET,MATERIAL,"Assets/Low Poly Environment Starter Kit/Source/Material/URP/Pine Bark.mat",""
ASSET,MATERIAL,"Assets/Low Poly Environment Starter Kit/Source/Material/URP/Rock.mat",""
ASSET,MATERIAL,"Assets/Low Poly Environment Starter Kit/Source/Material/URP/Snow.mat",""
ASSET,MATERIAL,"Assets/Low Poly Environment Starter Kit/Source/Material/URP/Stone.mat",""
ASSET,MATERIAL,"Assets/Low Poly Environment Starter Kit/Source/Material/URP/Sun.mat",""
ASSET,MATERIAL,"Assets/Low Poly Environment Starter Kit/Source/Material/URP/Sunlight.mat",""
ASSET,MATERIAL,"Assets/Low Poly Environment Starter Kit/Source/Material/URP/Tree Bark.mat",""
ASSET,MATERIAL,"Assets/Low Poly Environment Starter Kit/Source/Material/URP/Water Material.mat",""
ASSET,MATERIAL,"Assets/Materials/Mat_Ancient_Door.mat",""
ASSET,MATERIAL,"Assets/Materials/Mat_Banana_Food.mat",""
ASSET,MATERIAL,"Assets/Materials/Mat_Breakable_Relic.mat",""
ASSET,MATERIAL,"Assets/Materials/Mat_Checkpoint_Active.mat",""
ASSET,MATERIAL,"Assets/Materials/Mat_Climbable_Vine.mat",""
ASSET,MATERIAL,"Assets/Materials/Mat_Fire_Hazard.mat",""
ASSET,MATERIAL,"Assets/Materials/Mat_Gateway_Portal.mat",""
ASSET,MATERIAL,"Assets/Materials/Mat_Gold_Coin.mat",""
ASSET,MATERIAL,"Assets/Materials/Mat_Jungle_Ground.mat",""
ASSET,MATERIAL,"Assets/Materials/Mat_Magic_Projectile.mat",""
ASSET,MATERIAL,"Assets/Materials/Mat_Player_Monkey.mat",""
ASSET,MATERIAL,"Assets/Materials/Mat_Predator_Enemy.mat",""
ASSET,MATERIAL,"Assets/Materials/Mat_Rune_Active.mat",""
ASSET,MATERIAL,"Assets/Materials/Mat_Rune_Inactive.mat",""
ASSET,MATERIAL,"Assets/Materials/Mat_Toxic_Mushroom.mat",""
ASSET,MATERIAL,"Assets/Materials/Mat_Water_Stream.mat",""
ASSET,MATERIAL,"Assets/Materials/Mat_Wood_Platform.mat",""
ASSET,MATERIAL,"Assets/Patchmesh/Stylized Critter Collection Demo/Materials/Caterpillar 1.mat",""
ASSET,MATERIAL,"Assets/Patchmesh/Stylized Critter Collection Demo/Materials/Caterpillar 2.mat",""
ASSET,MATERIAL,"Assets/Patchmesh/Stylized Critter Collection Demo/Materials/Ladybug Pink.mat",""
ASSET,MATERIAL,"Assets/Patchmesh/Stylized Critter Collection Demo/Materials/Ladybug Red.mat",""
ASSET,MATERIAL,"Assets/Patchmesh/Stylized Critter Collection Demo/Materials/Ladybug Yellow.mat",""
ASSET,MATERIAL,"Assets/Polytope Studio/Lowpoly_Demos/Environment_Free/Helpers/Plane mat.mat",""
ASSET,MATERIAL,"Assets/Polytope Studio/Lowpoly_Demos/Environment_Free/Helpers/PT_Grass_Mat 1.mat",""
ASSET,MATERIAL,"Assets/Polytope Studio/Lowpoly_Demos/Environment_Free/Helpers/PT_High_Grass_Mat.mat",""
ASSET,MATERIAL,"Assets/Polytope Studio/Lowpoly_Environments/Sources/Materials/PT_Fruit_Tree_Foliage_Mat.mat",""
ASSET,MATERIAL,"Assets/Polytope Studio/Lowpoly_Environments/Sources/Materials/PT_Fruit_Tree_Opaque_mat.mat",""
ASSET,MATERIAL,"Assets/Polytope Studio/Lowpoly_Environments/Sources/Materials/PT_Generic_Leaf_mat.mat",""
ASSET,MATERIAL,"Assets/Polytope Studio/Lowpoly_Environments/Sources/Materials/PT_Generic_Tree_Leaves_mat.mat",""
ASSET,MATERIAL,"Assets/Polytope Studio/Lowpoly_Environments/Sources/Materials/PT_Generic_Tree_Trunk_mat.mat",""
ASSET,MATERIAL,"Assets/Polytope Studio/Lowpoly_Environments/Sources/Materials/PT_Grass_Mat.mat",""
ASSET,MATERIAL,"Assets/Polytope Studio/Lowpoly_Environments/Sources/Materials/PT_Mushrooms_mat.mat",""
ASSET,MATERIAL,"Assets/Polytope Studio/Lowpoly_Environments/Sources/Materials/PT_Pine_Tree_Leaves_Mat.mat",""
ASSET,MATERIAL,"Assets/Polytope Studio/Lowpoly_Environments/Sources/Materials/PT_Pine_Tree_Trunk_Mat.mat",""
ASSET,MATERIAL,"Assets/Polytope Studio/Lowpoly_Environments/Sources/Materials/PT_Poppy_mat.mat",""
ASSET,MATERIAL,"Assets/Polytope Studio/Lowpoly_Environments/Sources/Materials/PT_Rocks_mat.mat",""
ASSET,MATERIAL,"Assets/Polytope Studio/Lowpoly_Environments/Sources/Materials/PT_Skybox_mat.mat",""
ASSET,MATERIAL,"Assets/Polytope Studio/Lowpoly_Environments/Sources/Materials/PT_Terrain_mat.mat",""
ASSET,MATERIAL,"Assets/Polytope Studio/Lowpoly_Environments/Sources/Materials/PT_Water_mat.mat",""
ASSET,MATERIAL,"Assets/Polytope Studio/Lowpoly_Village/Sources/Materials/PT_Buildings_mat.mat",""
ASSET,MATERIAL,"Assets/Polytope Studio/Lowpoly_Village/Sources/Materials/PT_mat.mat",""
ASSET,MATERIAL,"Assets/Procedural Tree/Materials/Ash Tree.mat",""
ASSET,MATERIAL,"Assets/Procedural Tree/Materials/Elm Tree.mat",""
ASSET,MATERIAL,"Assets/Procedural Tree/Materials/Magnolia Tree.mat",""
ASSET,MATERIAL,"Assets/Procedural Tree/Materials/Oak Tree.mat",""
ASSET,MATERIAL,"Assets/Procedural Tree/Materials/Pine Tree.mat",""
ASSET,MATERIAL,"Assets/Procedural Tree/Materials/Poplar Tree.mat",""
ASSET,MATERIAL,"Assets/Supercyan Free Forest Sample/Materials/High Quality/Foliage/forestpack_foliage.mat",""
ASSET,MATERIAL,"Assets/Supercyan Free Forest Sample/Materials/High Quality/SignAndBridge/forestpack_roadSignAndBridge.mat",""
ASSET,MATERIAL,"Assets/Supercyan Free Forest Sample/Materials/High Quality/Skybox/forestpack_skybox_lighter.mat",""
ASSET,MATERIAL,"Assets/Supercyan Free Forest Sample/Materials/High Quality/Skybox/forestpack_skybox_night.mat",""
ASSET,MATERIAL,"Assets/Supercyan Free Forest Sample/Materials/High Quality/Stone/forestpack_stone.mat",""
ASSET,MATERIAL,"Assets/Supercyan Free Forest Sample/Materials/High Quality/Tree/forestpack_tree_fir.mat",""
ASSET,MATERIAL,"Assets/Supercyan Free Forest Sample/Materials/High Quality/Tree/forestpack_tree_leaf.mat",""
ASSET,MATERIAL,"Assets/Supercyan Free Forest Sample/Materials/High Quality/Tree/forestpack_treeStumpAndRoot.mat",""
ASSET,MATERIAL,"Assets/Supercyan Free Forest Sample/Materials/Mobile/Foliage/forestpack_foliage_low.mat",""
ASSET,MATERIAL,"Assets/Supercyan Free Forest Sample/Materials/Mobile/SignAndBridge/forestpack_roadSignAndBridge_low.mat",""
ASSET,MATERIAL,"Assets/Supercyan Free Forest Sample/Materials/Mobile/Stone/forestpack_stone_low.mat",""
ASSET,MATERIAL,"Assets/Supercyan Free Forest Sample/Materials/Mobile/Tree/forestpack_tree_fir_low.mat",""
ASSET,MATERIAL,"Assets/Supercyan Free Forest Sample/Materials/Mobile/Tree/forestpack_tree_leaf_low.mat",""
ASSET,MATERIAL,"Assets/Supercyan Free Forest Sample/Materials/Mobile/Tree/forestpack_treeStumpAndRoot_low.mat",""
ASSET,TEXTURE,"Assets/Art/UI/UI_Banana_Food.png",""
ASSET,TEXTURE,"Assets/Art/UI/UI_Btn_Attack.png",""
ASSET,TEXTURE,"Assets/Art/UI/UI_Btn_Blast.png",""
ASSET,TEXTURE,"Assets/Art/UI/UI_Btn_Jump.png",""
ASSET,TEXTURE,"Assets/Art/UI/UI_Btn_Smash.png",""
ASSET,TEXTURE,"Assets/Art/UI/UI_Coin_Gold.png",""
ASSET,TEXTURE,"Assets/Art/UI/UI_Energy_Bolt.png",""
ASSET,TEXTURE,"Assets/Art/UI/UI_Gem_Diamond.png",""
ASSET,TEXTURE,"Assets/Art/UI/UI_Heart_Health.png",""
ASSET,TEXTURE,"Assets/Art/UI/UI_Joypad_Base.png",""
ASSET,TEXTURE,"Assets/Art/UI/UI_Joypad_Knob.png",""
ASSET,TEXTURE,"Assets/Art/UI/UI_Panel_Frame.png",""
ASSET,TEXTURE,"Assets/Art/UI/UI_Star_Rating.png",""
ASSET,TEXTURE,"Assets/CoolWorks_Studio/Carpentry_Tools/Examples/Carpentry_Tools/Lightmap-0_comp_dir.png",""
ASSET,TEXTURE,"Assets/CoolWorks_Studio/Carpentry_Tools/Examples/Carpentry_Tools/Lightmap-0_comp_light.exr",""
ASSET,TEXTURE,"Assets/CoolWorks_Studio/Carpentry_Tools/Examples/Carpentry_Tools/ReflectionProbe-0.exr",""
ASSET,TEXTURE,"Assets/CoolWorks_Studio/Carpentry_Tools/Examples/Carpentry_Tools/ReflectionProbe-1.exr",""
ASSET,TEXTURE,"Assets/CoolWorks_Studio/Carpentry_Tools/Textures/Axes_albedo.png",""
ASSET,TEXTURE,"Assets/CoolWorks_Studio/Carpentry_Tools/Textures/Axes_ao.png",""
ASSET,TEXTURE,"Assets/CoolWorks_Studio/Carpentry_Tools/Textures/Axes_normal.png",""
ASSET,TEXTURE,"Assets/CoolWorks_Studio/Carpentry_Tools/Textures/Axes_spec.png",""
ASSET,TEXTURE,"Assets/CoolWorks_Studio/Carpentry_Tools/Textures/Chisel_Broad_albedo.png",""
ASSET,TEXTURE,"Assets/CoolWorks_Studio/Carpentry_Tools/Textures/Chisel_Broad_ao.png",""
ASSET,TEXTURE,"Assets/CoolWorks_Studio/Carpentry_Tools/Textures/Chisel_Broad_normal.png",""
ASSET,TEXTURE,"Assets/CoolWorks_Studio/Carpentry_Tools/Textures/Chisel_Broad_spec.png",""
ASSET,TEXTURE,"Assets/CoolWorks_Studio/Carpentry_Tools/Textures/Chisel_Curved_albedo.png",""
ASSET,TEXTURE,"Assets/CoolWorks_Studio/Carpentry_Tools/Textures/Chisel_Curved_ao.png",""
ASSET,TEXTURE,"Assets/CoolWorks_Studio/Carpentry_Tools/Textures/Chisel_Curved_normal.png",""
ASSET,TEXTURE,"Assets/CoolWorks_Studio/Carpentry_Tools/Textures/Chisel_Curved_spec.png",""
ASSET,TEXTURE,"Assets/CoolWorks_Studio/Carpentry_Tools/Textures/Chisel_Narrow_albedo.png",""
ASSET,TEXTURE,"Assets/CoolWorks_Studio/Carpentry_Tools/Textures/Chisel_Narrow_ao.png",""
ASSET,TEXTURE,"Assets/CoolWorks_Studio/Carpentry_Tools/Textures/Chisel_Narrow_normal.png",""
ASSET,TEXTURE,"Assets/CoolWorks_Studio/Carpentry_Tools/Textures/Chisel_Narrow_spec.png",""
ASSET,TEXTURE,"Assets/CoolWorks_Studio/Carpentry_Tools/Textures/DrawingKnife_HandSaw_albedo.png",""
ASSET,TEXTURE,"Assets/CoolWorks_Studio/Carpentry_Tools/Textures/DrawingKnife_HandSaw_ao.png",""
ASSET,TEXTURE,"Assets/CoolWorks_Studio/Carpentry_Tools/Textures/DrawingKnife_HandSaw_normal.png",""
ASSET,TEXTURE,"Assets/CoolWorks_Studio/Carpentry_Tools/Textures/DrawingKnife_HandSaw_spec.png",""
ASSET,TEXTURE,"Assets/CoolWorks_Studio/Carpentry_Tools/Textures/DrillBit_File_Rasp_albedo.png",""
ASSET,TEXTURE,"Assets/CoolWorks_Studio/Carpentry_Tools/Textures/DrillBit_File_Rasp_ao.png",""
ASSET,TEXTURE,"Assets/CoolWorks_Studio/Carpentry_Tools/Textures/DrillBit_File_Rasp_normal.png",""
ASSET,TEXTURE,"Assets/CoolWorks_Studio/Carpentry_Tools/Textures/DrillBit_File_Rasp_spec.png",""
ASSET,TEXTURE,"Assets/CoolWorks_Studio/Carpentry_Tools/Textures/Gimlet_albedo.png",""
ASSET,TEXTURE,"Assets/CoolWorks_Studio/Carpentry_Tools/Textures/Gimlet_ao.png",""
ASSET,TEXTURE,"Assets/CoolWorks_Studio/Carpentry_Tools/Textures/Gimlet_normal.png",""
ASSET,TEXTURE,"Assets/CoolWorks_Studio/Carpentry_Tools/Textures/Gimlet_spec.png",""
ASSET,TEXTURE,"Assets/CoolWorks_Studio/Carpentry_Tools/Textures/Hand_Drill_albedo.png",""
ASSET,TEXTURE,"Assets/CoolWorks_Studio/Carpentry_Tools/Textures/Hand_Drill_ao.png",""
ASSET,TEXTURE,"Assets/CoolWorks_Studio/Carpentry_Tools/Textures/Hand_Drill_normal.png",""
ASSET,TEXTURE,"Assets/CoolWorks_Studio/Carpentry_Tools/Textures/Hand_Drill_spec.png",""
ASSET,TEXTURE,"Assets/CoolWorks_Studio/Carpentry_Tools/Textures/Planes_albedo.png",""
ASSET,TEXTURE,"Assets/CoolWorks_Studio/Carpentry_Tools/Textures/Planes_ao.png",""
ASSET,TEXTURE,"Assets/CoolWorks_Studio/Carpentry_Tools/Textures/Planes_normal.png",""
ASSET,TEXTURE,"Assets/CoolWorks_Studio/Carpentry_Tools/Textures/Planes_spec.png",""
ASSET,TEXTURE,"Assets/CoolWorks_Studio/Common/Textures/FloorCheckerboard_albedo.png",""
ASSET,TEXTURE,"Assets/CoolWorks_Studio/Common/Textures/FloorCheckerboard_normal.png",""
ASSET,TEXTURE,"Assets/Furry Squirrel/Textures/Fur_Textures/Squirrel_LOD0_FurCardsAtlas.png",""
ASSET,TEXTURE,"Assets/Furry Squirrel/Textures/Squirrel_AlbedoTransparency.png",""
ASSET,TEXTURE,"Assets/Furry Squirrel/Textures/Squirrel_MaskMap.png",""
ASSET,TEXTURE,"Assets/Furry Squirrel/Textures/Squirrel_MetallicSmoothness.png",""
ASSET,TEXTURE,"Assets/Furry Squirrel/Textures/Squirrel_Normal.png",""
ASSET,TEXTURE,"Assets/ithappy/Animals_FREE/Skyboxes/Skybox_Textures/Skybox_5.png",""
ASSET,TEXTURE,"Assets/ithappy/Animals_FREE/Textures/Texture.png",""
ASSET,TEXTURE,"Assets/Low Poly Environment Starter Kit/Source/Textues/Grass.png",""
ASSET,TEXTURE,"Assets/Low Poly Environment Starter Kit/Source/Textues/Pine.png",""
ASSET,TEXTURE,"Assets/Low Poly Environment Starter Kit/Source/Textues/Tree.png",""
ASSET,TEXTURE,"Assets/Low Poly Environment Starter Kit/Source/Textues/Water 1.png",""
ASSET,TEXTURE,"Assets/Low Poly Environment Starter Kit/Source/Textues/Water 2.png",""
ASSET,TEXTURE,"Assets/Patchmesh/Stylized Critter Collection Demo/Textures/Caterpillar_1.png",""
ASSET,TEXTURE,"Assets/Patchmesh/Stylized Critter Collection Demo/Textures/Caterpillar_2.png",""
ASSET,TEXTURE,"Assets/Patchmesh/Stylized Critter Collection Demo/Textures/Caterpillar_Normal_DirectX 1.png",""
ASSET,TEXTURE,"Assets/Patchmesh/Stylized Critter Collection Demo/Textures/Ladybug_Normal.png",""
ASSET,TEXTURE,"Assets/Patchmesh/Stylized Critter Collection Demo/Textures/Ladybug_Pink.png",""
ASSET,TEXTURE,"Assets/Patchmesh/Stylized Critter Collection Demo/Textures/Ladybug_Red.png",""
ASSET,TEXTURE,"Assets/Patchmesh/Stylized Critter Collection Demo/Textures/Ladybug_Yellow.png",""
ASSET,TEXTURE,"Assets/Polytope Studio/Lowpoly_Environments/Sources/Textures/PT_Fruit_Tree_Flowers_01.png",""
ASSET,TEXTURE,"Assets/Polytope Studio/Lowpoly_Environments/Sources/Textures/PT_Fruit_Tree_Leaves_01.png",""
ASSET,TEXTURE,"Assets/Polytope Studio/Lowpoly_Environments/Sources/Textures/PT_Generic_Leaves_01.png",""
ASSET,TEXTURE,"Assets/Polytope Studio/Lowpoly_Environments/Sources/Textures/PT_Generic_Tree_Leaves_01.png",""
ASSET,TEXTURE,"Assets/Polytope Studio/Lowpoly_Environments/Sources/Textures/PT_Grass_01.png",""
ASSET,TEXTURE,"Assets/Polytope Studio/Lowpoly_Environments/Sources/Textures/PT_Grass_High_01.png",""
ASSET,TEXTURE,"Assets/Polytope Studio/Lowpoly_Environments/Sources/Textures/PT_Ground_Generic_03.png",""
ASSET,TEXTURE,"Assets/Polytope Studio/Lowpoly_Environments/Sources/Textures/PT_Ground_Grass_Green_01.png",""
ASSET,TEXTURE,"Assets/Polytope Studio/Lowpoly_Environments/Sources/Textures/PT_Mushrooms_01.png",""
ASSET,TEXTURE,"Assets/Polytope Studio/Lowpoly_Environments/Sources/Textures/PT_Pine_Tree_01.png",""
ASSET,TEXTURE,"Assets/Polytope Studio/Lowpoly_Environments/Sources/Textures/PT_Poppy_01.png",""
ASSET,TEXTURE,"Assets/Polytope Studio/Lowpoly_Environments/Sources/Textures/PT_Rocks_01.png",""
ASSET,TEXTURE,"Assets/Polytope Studio/Lowpoly_Environments/Sources/Textures/PT_Runes_02.png",""
ASSET,TEXTURE,"Assets/Polytope Studio/Lowpoly_Environments/Sources/Textures/PT_Skybox_Texture_01.png",""
ASSET,TEXTURE,"Assets/Polytope Studio/Lowpoly_Environments/Sources/Textures/PT_Tree_Trunk_01.png",""
ASSET,TEXTURE,"Assets/Polytope Studio/Lowpoly_Environments/Sources/Textures/PT_Water_NM_01.png",""
ASSET,TEXTURE,"Assets/Polytope Studio/Lowpoly_Village/Sources/Textures/PT_Medieval_Buildings_Texture_01.png",""
ASSET,TEXTURE,"Assets/Polytope Studio/Lowpoly_Village/Sources/Textures/PT_Medieval_Buildings_Texture_01mask2.png",""
ASSET,TEXTURE,"Assets/Polytope Studio/Lowpoly_Village/Sources/Textures/PT_Medieval_Buildings_Texture_Mask_01.png",""
ASSET,TEXTURE,"Assets/Polytope Studio/Lowpoly_Village/Sources/Textures/PT_texture.tga",""
ASSET,TEXTURE,"Assets/Polytope Studio/Welcome_Screen/Editor/Textures/banner_dark.png",""
ASSET,TEXTURE,"Assets/Polytope Studio/Welcome_Screen/Editor/Textures/demo1.png",""
ASSET,TEXTURE,"Assets/Polytope Studio/Welcome_Screen/Editor/Textures/demo2.png",""
ASSET,TEXTURE,"Assets/Polytope Studio/Welcome_Screen/Editor/Textures/game1.png",""
ASSET,TEXTURE,"Assets/Polytope Studio/Welcome_Screen/Editor/Textures/game2.png",""
ASSET,TEXTURE,"Assets/Polytope Studio/Welcome_Screen/Editor/Textures/game3.png",""
ASSET,TEXTURE,"Assets/Polytope Studio/Welcome_Screen/Editor/Textures/game4.png",""
ASSET,TEXTURE,"Assets/Polytope Studio/Welcome_Screen/Editor/Textures/game5.png",""
ASSET,TEXTURE,"Assets/Polytope Studio/Welcome_Screen/Editor/Textures/game6.png",""
ASSET,TEXTURE,"Assets/Polytope Studio/Welcome_Screen/Editor/Textures/icon_artstation.png",""
ASSET,TEXTURE,"Assets/Polytope Studio/Welcome_Screen/Editor/Textures/icon_facebook.png",""
ASSET,TEXTURE,"Assets/Polytope Studio/Welcome_Screen/Editor/Textures/icon_Instagram.png",""
ASSET,TEXTURE,"Assets/Polytope Studio/Welcome_Screen/Editor/Textures/icon_Tiktok.png",""
ASSET,TEXTURE,"Assets/Polytope Studio/Welcome_Screen/Editor/Textures/icon_twitter.png",""
ASSET,TEXTURE,"Assets/Polytope Studio/Welcome_Screen/Editor/Textures/icon_Youtube.png",""
ASSET,TEXTURE,"Assets/Procedural Tree/Textures/Ash Tree Bark.png",""
ASSET,TEXTURE,"Assets/Procedural Tree/Textures/Ash Tree Leaf.png",""
ASSET,TEXTURE,"Assets/Procedural Tree/Textures/Elm Tree Bark.png",""
ASSET,TEXTURE,"Assets/Procedural Tree/Textures/Elm Tree Leaf.png",""
ASSET,TEXTURE,"Assets/Procedural Tree/Textures/Magnolia Tree Bark.png",""
ASSET,TEXTURE,"Assets/Procedural Tree/Textures/Magnolia Tree Leaf.png",""
ASSET,TEXTURE,"Assets/Procedural Tree/Textures/Oak Tree Bark.png",""
ASSET,TEXTURE,"Assets/Procedural Tree/Textures/Oak Tree Leaf.png",""
ASSET,TEXTURE,"Assets/Procedural Tree/Textures/Pine Tree Bark.png",""
ASSET,TEXTURE,"Assets/Procedural Tree/Textures/Pine Tree Leaf.png",""
ASSET,TEXTURE,"Assets/Procedural Tree/Textures/Poplar Tree Bark.png",""
ASSET,TEXTURE,"Assets/Procedural Tree/Textures/Poplar Tree Leaf.png",""
ASSET,TEXTURE,"Assets/Supercyan Free Forest Sample/Scenes/AllFreeForestSampleAssets/ReflectionProbe-0.exr",""
ASSET,TEXTURE,"Assets/Supercyan Free Forest Sample/Scenes/BrightDay/ReflectionProbe-0.exr",""
ASSET,TEXTURE,"Assets/Supercyan Free Forest Sample/Scenes/MoodyNight/ReflectionProbe-0.exr",""
ASSET,TEXTURE,"Assets/Supercyan Free Forest Sample/Textures/Foliage/forestpack_foliage_diffuse.png",""
ASSET,TEXTURE,"Assets/Supercyan Free Forest Sample/Textures/Ground/forestpack_moss_light_tile_diffuse.png",""
ASSET,TEXTURE,"Assets/Supercyan Free Forest Sample/Textures/Ground/forestpack_road_tile_diffuse.png",""
ASSET,TEXTURE,"Assets/Supercyan Free Forest Sample/Textures/Ground/forestpack_texture_rock_tile_diffuse.png",""
ASSET,TEXTURE,"Assets/Supercyan Free Forest Sample/Textures/Ramp/sharedTexture_shadowRamp.png",""
ASSET,TEXTURE,"Assets/Supercyan Free Forest Sample/Textures/SignAndBridge/forestpack_roadSignAndBridge_diffuse.png",""
ASSET,TEXTURE,"Assets/Supercyan Free Forest Sample/Textures/Skybox/nx.png",""
ASSET,TEXTURE,"Assets/Supercyan Free Forest Sample/Textures/Skybox/ny.png",""
ASSET,TEXTURE,"Assets/Supercyan Free Forest Sample/Textures/Skybox/nz.png",""
ASSET,TEXTURE,"Assets/Supercyan Free Forest Sample/Textures/Skybox/px.png",""
ASSET,TEXTURE,"Assets/Supercyan Free Forest Sample/Textures/Skybox/py.png",""
ASSET,TEXTURE,"Assets/Supercyan Free Forest Sample/Textures/Skybox/pz.png",""
ASSET,TEXTURE,"Assets/Supercyan Free Forest Sample/Textures/Stone/forestpack_stone_diffuse.png",""
ASSET,TEXTURE,"Assets/Supercyan Free Forest Sample/Textures/Tree/Fir/forestpack_tree_fir_diffuse.png",""
ASSET,TEXTURE,"Assets/Supercyan Free Forest Sample/Textures/Tree/Leaf/forestpack_tree_leaf_diffuse.png",""
ASSET,TEXTURE,"Assets/Supercyan Free Forest Sample/Textures/Tree/Treestump/forestpack_treeStumpAndRoot_diffuse.png",""
ASSET,ANIMATION,"Assets/Furry Squirrel/Animations/Animations_Squirrel.controller",""
ASSET,ANIMATION,"Assets/ithappy/Animals_FREE/Animations/Animation_Controllers/Chicken.controller",""
ASSET,ANIMATION,"Assets/ithappy/Animals_FREE/Animations/Animation_Controllers/Deer.controller",""
ASSET,ANIMATION,"Assets/ithappy/Animals_FREE/Animations/Animation_Controllers/Dog.controller",""
ASSET,ANIMATION,"Assets/ithappy/Animals_FREE/Animations/Animation_Controllers/Horse.controller",""
ASSET,ANIMATION,"Assets/ithappy/Animals_FREE/Animations/Animation_Controllers/Kitty.controller",""
ASSET,ANIMATION,"Assets/ithappy/Animals_FREE/Animations/Animation_Controllers/Pinguin.controller",""
ASSET,ANIMATION,"Assets/ithappy/Animals_FREE/Animations/Animation_Controllers/Tiger.controller",""
ASSET,ANIMATION,"Assets/ithappy/Animals_FREE/Animations/Other_Animations/Chicken_001_idle.anim",""
ASSET,ANIMATION,"Assets/ithappy/Animals_FREE/Animations/Other_Animations/Chicken_002_run.anim",""
ASSET,ANIMATION,"Assets/ithappy/Animals_FREE/Animations/Other_Animations/Chicken_003_walk.anim",""
ASSET,ANIMATION,"Assets/ithappy/Animals_FREE/Animations/Other_Animations/Deer_001_idle.anim",""
ASSET,ANIMATION,"Assets/ithappy/Animals_FREE/Animations/Other_Animations/Deer_001_run.anim",""
ASSET,ANIMATION,"Assets/ithappy/Animals_FREE/Animations/Other_Animations/Deer_001_walk.anim",""
ASSET,ANIMATION,"Assets/ithappy/Animals_FREE/Animations/Other_Animations/Dog_001_idle.anim",""
ASSET,ANIMATION,"Assets/ithappy/Animals_FREE/Animations/Other_Animations/Dog_001_run.anim",""
ASSET,ANIMATION,"Assets/ithappy/Animals_FREE/Animations/Other_Animations/Dog_001_walk.anim",""
ASSET,ANIMATION,"Assets/ithappy/Animals_FREE/Animations/Other_Animations/Horse_001_eat.anim",""
ASSET,ANIMATION,"Assets/ithappy/Animals_FREE/Animations/Other_Animations/Horse_001_idle.anim",""
ASSET,ANIMATION,"Assets/ithappy/Animals_FREE/Animations/Other_Animations/Horse_001_run.anim",""
ASSET,ANIMATION,"Assets/ithappy/Animals_FREE/Animations/Other_Animations/Horse_001_walk.anim",""
ASSET,ANIMATION,"Assets/ithappy/Animals_FREE/Animations/Other_Animations/Kitty_001_idle.anim",""
ASSET,ANIMATION,"Assets/ithappy/Animals_FREE/Animations/Other_Animations/Kitty_001_run.anim",""
ASSET,ANIMATION,"Assets/ithappy/Animals_FREE/Animations/Other_Animations/Kitty_001_walk.anim",""
ASSET,ANIMATION,"Assets/ithappy/Animals_FREE/Animations/Other_Animations/Pinguin_001_idle.anim",""
ASSET,ANIMATION,"Assets/ithappy/Animals_FREE/Animations/Other_Animations/Pinguin_001_run.anim",""
ASSET,ANIMATION,"Assets/ithappy/Animals_FREE/Animations/Other_Animations/Pinguin_001_walk.anim",""
ASSET,ANIMATION,"Assets/ithappy/Animals_FREE/Animations/Other_Animations/Tiger_001_idle.anim",""
ASSET,ANIMATION,"Assets/ithappy/Animals_FREE/Animations/Other_Animations/Tiger_001_idle_rare.anim",""
ASSET,ANIMATION,"Assets/ithappy/Animals_FREE/Animations/Other_Animations/Tiger_001_run.anim",""
ASSET,ANIMATION,"Assets/ithappy/Animals_FREE/Animations/Other_Animations/Tiger_001_walk.anim",""
ASSET,ANIMATION,"Assets/Patchmesh/Stylized Critter Collection Demo/Animations/Beetle_Rig_Beetle_Flying.anim",""
ASSET,ANIMATION,"Assets/Patchmesh/Stylized Critter Collection Demo/Animations/Beetle_Rig_Beetle_Idle.anim",""
ASSET,ANIMATION,"Assets/Patchmesh/Stylized Critter Collection Demo/Animations/Beetle_Rig_Beetle_Take Off.anim",""
ASSET,ANIMATION,"Assets/Patchmesh/Stylized Critter Collection Demo/Animations/Beetle_Rig_Beetle_Walk.anim",""
ASSET,ANIMATION,"Assets/Patchmesh/Stylized Critter Collection Demo/Animations/Caterpillar.controller",""
ASSET,ANIMATION,"Assets/Patchmesh/Stylized Critter Collection Demo/Animations/Caterpillar_Rig_Caterpillar_Move.anim",""
ASSET,ANIMATION,"Assets/Patchmesh/Stylized Critter Collection Demo/Animations/Ladybug.controller",""
ASSET,AUDIO,"Assets/Art/Audio/BGM_Act1.wav",""
ASSET,AUDIO,"Assets/Art/Audio/BGM_Act2.wav",""
ASSET,AUDIO,"Assets/Art/Audio/BGM_Act3.wav",""
ASSET,AUDIO,"Assets/Art/Audio/BGM_Act4.wav",""
ASSET,AUDIO,"Assets/Art/Audio/BGM_Act5.wav",""
ASSET,AUDIO,"Assets/Art/Audio/BGM_Boss.wav",""
ASSET,AUDIO,"Assets/Art/Audio/SFX_Attack.wav",""
ASSET,AUDIO,"Assets/Art/Audio/SFX_Banana.wav",""
ASSET,AUDIO,"Assets/Art/Audio/SFX_BossRoar.wav",""
ASSET,AUDIO,"Assets/Art/Audio/SFX_Checkpoint.wav",""
ASSET,AUDIO,"Assets/Art/Audio/SFX_Coin.wav",""
ASSET,AUDIO,"Assets/Art/Audio/SFX_Death.wav",""
ASSET,AUDIO,"Assets/Art/Audio/SFX_DoorOpen.wav",""
ASSET,AUDIO,"Assets/Art/Audio/SFX_EnemyHit.wav",""
ASSET,AUDIO,"Assets/Art/Audio/SFX_EnergyBlast.wav",""
ASSET,AUDIO,"Assets/Art/Audio/SFX_FireCrackle.wav",""
ASSET,AUDIO,"Assets/Art/Audio/SFX_Footstep.wav",""
ASSET,AUDIO,"Assets/Art/Audio/SFX_HeavyAttack.wav",""
ASSET,AUDIO,"Assets/Art/Audio/SFX_Hurt.wav",""
ASSET,AUDIO,"Assets/Art/Audio/SFX_Jump.wav",""
ASSET,AUDIO,"Assets/Art/Audio/SFX_Land.wav",""
ASSET,AUDIO,"Assets/Art/Audio/SFX_LevelComplete.wav",""
ASSET,AUDIO,"Assets/Art/Audio/SFX_PoisonBubble.wav",""
ASSET,AUDIO,"Assets/Art/Audio/SFX_RuneActivate.wav",""
ASSET,AUDIO,"Assets/Art/Audio/SFX_UIClick.wav",""
ASSET,AUDIO,"Assets/Art/Audio/SFX_WaterSplash.wav",""
