Asset Path,Category,3D/2D,Quality Class,Used/Unused,Reference Count,Action,Reason,Referenced By
"Assets/Procedural Tree/Prefabs/Oak Tree.prefab","Trees","3D Mesh/Prefab","High (Photorealistic PBR)","Used",4,"KEEP","Giant Canopy Hero Tree; referenced in Level01_Awakening.unity & HDLevel01CinematicIntegrator.cs","Assets/Scenes/Level01_Awakening.unity;Assets/Editor/HDLevel01CinematicIntegrator.cs;Assets/Editor/HDTreeFoliageIntegrator.cs;Assets/Editor/HDEnvironmentBuilder.cs"
"Assets/Procedural Tree/Prefabs/Magnolia Tree.prefab","Trees","3D Mesh/Prefab","High (Photorealistic PBR)","Used",2,"KEEP","Medium Rainforest Tree; referenced in HDLevel01CinematicIntegrator.cs","Assets/Editor/HDLevel01CinematicIntegrator.cs;Assets/Editor/HDEnvironmentBuilder.cs"
"Assets/Procedural Tree/Prefabs/Elm Tree.prefab","Trees","3D Mesh/Prefab","High (Photorealistic PBR)","Used",2,"KEEP","Jungle Ridge Canopy Tree; referenced in HDLevel01CinematicIntegrator.cs","Assets/Editor/HDLevel01CinematicIntegrator.cs"
"Assets/Procedural Tree/Prefabs/Ash Tree.prefab","Trees","3D Mesh/Prefab","High (Photorealistic PBR)","Used",2,"KEEP","Understory Sapling Tree; referenced in HDLevel01CinematicIntegrator.cs","Assets/Editor/HDLevel01CinematicIntegrator.cs;Assets/Editor/HDEnvironmentBuilder.cs"
"Assets/Art/Environment/HD/Trees/HD_Tree_CoconutPalm_01.prefab","Trees","3D Mesh/Prefab","High (Photorealistic PBR)","Used",3,"KEEP","Approved HD Palm with 10 curved fronds; referenced in Level01_Awakening.unity","Assets/Scenes/Level01_Awakening.unity;Assets/Editor/HDLevel01CinematicIntegrator.cs;Assets/Editor/HDEnvironmentBuilder.cs"
"Assets/Art/Environment/Trees/Tree_JungleCanopy.prefab","Trees","3D Mesh/Prefab","Low (Stylized/Low-Poly Placeholder)","Used",1,"REQUIRED DEPENDENCY","Legacy anchor prefab; mesh hidden via [HD_Visual], capsule collider preserved for gameplay","Assets/Scenes/Level01_Awakening.unity"
"Assets/Art/Environment/Trees/Tree_CoconutPalm.prefab","Trees","3D Mesh/Prefab","Low (Stylized/Low-Poly Placeholder)","Used",1,"REQUIRED DEPENDENCY","Legacy anchor prefab; mesh hidden via [HD_Visual], capsule collider preserved for gameplay","Assets/Scenes/Level01_Awakening.unity"
"Assets/Art/Environment/Trees/Tree_TropicalMedium.prefab","Trees","3D Mesh/Prefab","Low (Stylized/Low-Poly Placeholder)","Unused",0,"ARCHIVE/REMOVE","Unreferenced primitive placeholder asset",""
"Assets/Art/Environment/Trees/Tree_TropicalSmall.prefab","Trees","3D Mesh/Prefab","Low (Stylized/Low-Poly Placeholder)","Unused",0,"ARCHIVE/REMOVE","Unreferenced primitive placeholder asset",""
"Assets/FlipGameDev/Terrain&GrassPack/Art/Textures/Terrain_Textures/Road_Lieves_1_AlbedoTransparency.png","Terrain","2K/4K Texture","High (Photorealistic PBR)","Used",3,"KEEP","Main trail dirt surface texture with natural leaf litter; used in Mat_Cinematic_SoilPath","Assets/Art/Environment/HD/Materials/Mat_Cinematic_SoilPath.mat;Assets/Editor/HDLevel01CinematicIntegrator.cs"
"Assets/FlipGameDev/Terrain&GrassPack/Art/Textures/Terrain_Textures/Road_Lieves_1_Normal.png","Terrain","2K/4K Normal","High (Photorealistic PBR)","Used",3,"KEEP","Main trail normal map; used in Mat_Cinematic_SoilPath","Assets/Art/Environment/HD/Materials/Mat_Cinematic_SoilPath.mat;Assets/Editor/HDLevel01CinematicIntegrator.cs"
"Assets/FlipGameDev/Terrain&GrassPack/Art/Textures/Terrain_Textures/Grass_Leaves_1_AlbedoTransparency.png","Terrain","2K/4K Texture","High (Photorealistic PBR)","Used",3,"KEEP","Mossy shoulder embankment texture; used in Mat_Cinematic_MossBank","Assets/Art/Environment/HD/Materials/Mat_Cinematic_MossBank.mat;Assets/Editor/HDLevel01CinematicIntegrator.cs"
"Assets/FlipGameDev/Terrain&GrassPack/Art/Textures/Terrain_Textures/Grass_Leaves_1_Normal.png","Terrain","2K/4K Normal","High (Photorealistic PBR)","Used",3,"KEEP","Mossy shoulder normal map; used in Mat_Cinematic_MossBank","Assets/Art/Environment/HD/Materials/Mat_Cinematic_MossBank.mat;Assets/Editor/HDLevel01CinematicIntegrator.cs"
"Assets/FlipGameDev/Terrain&GrassPack/Art/Textures/Terrain_Textures/Cliffwall_AlbedoTransparency.png","Terrain","2K/4K Texture","High (Photorealistic PBR)","Used",3,"KEEP","Jungle ridge cliff face texture; used in Mat_Cinematic_CliffWall","Assets/Art/Environment/HD/Materials/Mat_Cinematic_CliffWall.mat;Assets/Editor/HDLevel01CinematicIntegrator.cs"
"Assets/FlipGameDev/Terrain&GrassPack/Art/Textures/Terrain_Textures/Cliffwall_Normal.png","Terrain","2K/4K Normal","High (Photorealistic PBR)","Used",3,"KEEP","Jungle ridge cliff normal map; used in Mat_Cinematic_CliffWall","Assets/Art/Environment/HD/Materials/Mat_Cinematic_CliffWall.mat;Assets/Editor/HDLevel01CinematicIntegrator.cs"
"Assets/Art/Environment/Materials/Mat_Jungle_Ground.mat","Terrain","Material","Low (Flat Color Placeholder)","Used",2,"REQUIRED DEPENDENCY","Legacy platform material; overridden at runtime by [HD_Visual] organic mesh","Assets/Scenes/Level01_Awakening.unity;Assets/Editor/AutoGameBuilder.cs"
"Assets/FlipGameDev/Terrain&GrassPack/Art/Textures/Grass_Billboard/Brake_Ferns_Bilboard.png","Foliage/Plants","2K Alpha Texture","High (Photorealistic PBR)","Used",3,"KEEP","High-res alpha cutout brake fern; used in Mat_Cinematic_FernBillboard","Assets/Art/Environment/HD/Materials/Mat_Cinematic_FernBillboard.mat;Assets/Editor/HDLevel01CinematicIntegrator.cs"
"Assets/FlipGameDev/Terrain&GrassPack/Art/Textures/Grass_Billboard_Normal/Brake_Ferns_Bilboard_NormaL.png","Foliage/Plants","2K Normal","High (Photorealistic PBR)","Used",3,"KEEP","Fern normal map for realistic dynamic light reaction","Assets/Art/Environment/HD/Materials/Mat_Cinematic_FernBillboard.mat;Assets/Editor/HDLevel01CinematicIntegrator.cs"
"Assets/FlipGameDev/Terrain&GrassPack/Art/Textures/Grass_Billboard/Grass_1_Billboard.png","Foliage/Plants","2K Alpha Texture","High (Photorealistic PBR)","Used",3,"KEEP","Dense tropical grass billboard; used in Mat_Cinematic_GrassBillboard","Assets/Art/Environment/HD/Materials/Mat_Cinematic_GrassBillboard.mat;Assets/Editor/HDLevel01CinematicIntegrator.cs"
"Assets/FlipGameDev/Terrain&GrassPack/Art/Textures/Grass_Billboard/Orchid_Bilboard.png","Foliage/Plants","2K Alpha Texture","High (Photorealistic PBR)","Used",3,"KEEP","Jungle wildflower orchid billboard; used in Mat_Cinematic_OrchidBillboard","Assets/Art/Environment/HD/Materials/Mat_Cinematic_OrchidBillboard.mat;Assets/Editor/HDLevel01CinematicIntegrator.cs"
"Assets/Art/Environment/HD/Plants/HD_Plant_JungleFern_01.prefab","Foliage/Plants","3D Mesh/Prefab","High (Photorealistic PBR)","Used",2,"KEEP","3D foreground fern mesh","Assets/Editor/HDLevel01CinematicIntegrator.cs;Assets/Editor/HDEnvironmentBuilder.cs"
"Assets/Art/Environment/Plants/Plant_JungleFern.prefab","Foliage/Plants","3D Mesh/Prefab","Low (Stylized/Low-Poly Placeholder)","Used",1,"REQUIRED DEPENDENCY","Legacy scene anchor in Level01_Awakening.unity","Assets/Scenes/Level01_Awakening.unity"
"Assets/Art/Environment/Plants/Plant_TropicalBush.prefab","Foliage/Plants","3D Mesh/Prefab","Low (Stylized/Low-Poly Placeholder)","Used",1,"REQUIRED DEPENDENCY","Legacy scene anchor in Level01_Awakening.unity","Assets/Scenes/Level01_Awakening.unity"
"Assets/Art/Environment/Plants/Plant_GlowingMushroom.prefab","Foliage/Plants","3D Mesh/Prefab","Low (Stylized/Low-Poly Placeholder)","Used",1,"REQUIRED DEPENDENCY","Legacy scene anchor in Level01_Awakening.unity","Assets/Scenes/Level01_Awakening.unity"
"Assets/Art/Environment/Plants/Plant_HibiscusFlower.prefab","Foliage/Plants","3D Mesh/Prefab","Low (Stylized/Low-Poly Placeholder)","Used",1,"REQUIRED DEPENDENCY","Legacy scene anchor in Level01_Awakening.unity","Assets/Scenes/Level01_Awakening.unity"
"Assets/FlipGameDev/Terrain&GrassPack/Art/Meshes/Rocks/Rock_1.fbx","Rocks","3D FBX Mesh","High (Photorealistic PBR)","Used",2,"KEEP","Scanned 3D river stone along path borders","Assets/Editor/HDLevel01CinematicIntegrator.cs"
"Assets/FlipGameDev/Terrain&GrassPack/Art/Meshes/Rocks/Rock_3.fbx","Rocks","3D FBX Mesh","High (Photorealistic PBR)","Used",2,"KEEP","Scanned 3D medium boulder","Assets/Editor/HDLevel01CinematicIntegrator.cs"
"Assets/FlipGameDev/Terrain&GrassPack/Art/Meshes/Rocks/Rock_5.fbx","Rocks","3D FBX Mesh","High (Photorealistic PBR)","Used",2,"KEEP","Scanned 3D cluster boulder","Assets/Editor/HDLevel01CinematicIntegrator.cs"
"Assets/FlipGameDev/Terrain&GrassPack/Art/Meshes/Rocks/Rock_8.fbx","Rocks","3D FBX Mesh","High (Photorealistic PBR)","Used",2,"KEEP","Scanned 3D mossy boulder","Assets/Editor/HDLevel01CinematicIntegrator.cs"
"Assets/FlipGameDev/Terrain&GrassPack/Art/Meshes/Rocks/Rock_12.fbx","Rocks","3D FBX Mesh","High (Photorealistic PBR)","Used",2,"KEEP","Towering 3D cliff face used in panoramic backdrop","Assets/Editor/HDLevel01CinematicIntegrator.cs"
"Assets/Art/Environment/Rocks/Rock_MossyBoulder.prefab","Rocks","3D Mesh/Prefab","Low (Stylized/Low-Poly Placeholder)","Used",1,"REQUIRED DEPENDENCY","Legacy anchor in Level01_Awakening.unity; visual overridden by [HD_Visual]","Assets/Scenes/Level01_Awakening.unity"
"Assets/Art/Environment/Rocks/Rock_MossyMedium.prefab","Rocks","3D Mesh/Prefab","Low (Stylized/Low-Poly Placeholder)","Unused",0,"ARCHIVE/REMOVE","Unreferenced primitive placeholder asset",""
"Assets/Art/Environment/Rocks/Rock_RiverStone.prefab","Rocks","3D Mesh/Prefab","Low (Stylized/Low-Poly Placeholder)","Unused",0,"ARCHIVE/REMOVE","Unreferenced primitive placeholder asset",""
"Assets/Art/Environment/Ruins/Ruins_AncientArch.prefab","Ruins","3D Mesh/Prefab","Medium (Standard Asset)","Used",2,"REQUIRED DEPENDENCY","3-Rune Temple Puzzle Gateway arch in Level01_Awakening.unity","Assets/Scenes/Level01_Awakening.unity;Assets/Editor/AutoGameBuilder.cs"
"Assets/Art/Environment/Ruins/Ruins_RunePedestal.prefab","Ruins","3D Mesh/Prefab","Medium (Standard Asset)","Used",3,"REQUIRED DEPENDENCY","Rune switch interaction triggers; referenced by RuneSwitch.cs & AutoGameBuilder.cs","Assets/Scenes/Level01_Awakening.unity;Assets/Editor/AutoGameBuilder.cs;Assets/Scripts/Puzzles/RuneSwitch.cs"
"Assets/Art/Environment/Ruins/Ruins_StoneDoor.prefab","Ruins","3D Mesh/Prefab","Medium (Standard Asset)","Used",2,"REQUIRED DEPENDENCY","Temple Puzzle door slab animated by RuneDoor.cs","Assets/Scenes/Level01_Awakening.unity;Assets/Scripts/Puzzles/RuneDoor.cs"
"Assets/Art/Player/Player_Monkey_Rig.prefab","Characters/Enemies","3D Character","High (Gameplay Required)","Used",4,"REQUIRED DEPENDENCY","Player Character Controller, MonkeySetupBinder, GuardianCombat","Assets/Scenes/Level01_Awakening.unity;Assets/Editor/AutoGameBuilder.cs;Assets/Scripts/Player/MonkeyPlayerController.cs"
"Assets/Art/Bosses/Boss_AlphaJaguar.prefab","Characters/Enemies","3D Character","High (Gameplay Required)","Used",2,"REQUIRED DEPENDENCY","Act 1 Boss Encounter","Assets/Scenes/Level10_AlphaJaguarBoss.unity;Assets/Editor/AutoGameBuilder.cs"
"Assets/Art/Bosses/Boss_StoneGolem.prefab","Characters/Enemies","3D Character","High (Gameplay Required)","Used",2,"REQUIRED DEPENDENCY","Act 2 Boss Encounter","Assets/Scenes/Level20_StoneGolemBoss.unity;Assets/Editor/AutoGameBuilder.cs"
"Assets/Art/Bosses/Boss_RiverSerpent.prefab","Characters/Enemies","3D Character","High (Gameplay Required)","Used",2,"REQUIRED DEPENDENCY","Act 3 Boss Encounter","Assets/Scenes/Level30_RiverSerpentBoss.unity;Assets/Editor/AutoGameBuilder.cs"
"Assets/Art/Bosses/Boss_ShadowBeast.prefab","Characters/Enemies","3D Character","High (Gameplay Required)","Used",2,"REQUIRED DEPENDENCY","Act 4 Boss Encounter","Assets/Scenes/Level40_ShadowBeastBoss.unity;Assets/Editor/AutoGameBuilder.cs"
"Assets/Art/Props/Prop_GoldenBanana.prefab","Collectibles/Props","3D Collectible","High (Gameplay Required)","Used",3,"REQUIRED DEPENDENCY","Collectible Banana score system (CollectibleItem.cs)","Assets/Scenes/Level01_Awakening.unity;Assets/Editor/AutoGameBuilder.cs;Assets/Scripts/Collectibles/CollectibleItem.cs"
"Assets/Art/Props/Prop_AncientCoin.prefab","Collectibles/Props","3D Collectible","High (Gameplay Required)","Used",3,"REQUIRED DEPENDENCY","Collectible Coin currency system (CurrencyManager.cs)","Assets/Scenes/Level01_Awakening.unity;Assets/Editor/AutoGameBuilder.cs;Assets/Scripts/Economy/CurrencyManager.cs"
"Assets/Art/Props/Prop_ClimbableVine.prefab","Collectibles/Props","3D Prop","High (Gameplay Required)","Used",2,"REQUIRED DEPENDENCY","Vine climbing locomotion mechanic (VineClimb.cs)","Assets/Scenes/Level01_Awakening.unity;Assets/Scripts/Mechanics/VineClimb.cs"
"Assets/Art/Props/Prop_HollowFallenLog.prefab","Collectibles/Props","3D Prop","Medium (Standard Asset)","Used",2,"REQUIRED DEPENDENCY","Crawl-through environmental prop","Assets/Scenes/Level01_Awakening.unity;Assets/Editor/AutoGameBuilder.cs"
"Assets/Art/VFX/VFX_FireHazard_Flames.prefab","VFX","VFX Particle","High (Gameplay Required)","Used",2,"REQUIRED DEPENDENCY","Fire hazard zone damage feedback (FireHazard.cs)","Assets/Scenes/Level01_Awakening.unity;Assets/Editor/AutoGameBuilder.cs"
"Assets/Art/VFX/VFX_Poison_SporeCloud.prefab","VFX","VFX Particle","High (Gameplay Required)","Used",2,"REQUIRED DEPENDENCY","Toxic mushroom damage feedback (ToxicMushroom.cs)","Assets/Scenes/Level01_Awakening.unity;Assets/Editor/AutoGameBuilder.cs"
